,failure,metric1,metric2,metric3,metric4,metric5,metric6,metric7,metric9,date
0,0,-1.5933945324815397,-0.14566023417959645,-0.04233943010928361,-0.12429477150476537,-0.8449913268756754,-0.5087305512967175,-0.10165644392215861,-0.05064495211014324,2016-01-01
1,1,-0.23728711099461464,-0.1456427433788785,-0.04226125664604131,-0.12406524547248868,-0.8364412534841614,0.5062536400219457,-0.10165644514417294,-0.05064495211014324,2016-01-02
2,0,0.9126678013656004,-0.14532405258849942,-0.04233943010928361,1.1049545043624582,-0.8447760417401909,0.32283159370532655,-0.10165644232396623,-0.05064495211014324,2016-01-03
3,1,0.20185068744173407,-0.06908013263004374,-0.042338190674905254,-0.04742357375865017,-0.8363329228264087,0.8764920657571942,-0.10127859361915435,-0.05064495092737418,2016-01-04
4,0,-1.7359327540363283,-0.14557753556290529,-0.04229537985476533,-0.12428802524113886,-0.6215290021625993,-0.10301993990547809,-0.10165644514417294,-0.05064115301020199,2016-01-05
5,0,1.7194963440467745,-0.14566031031311258,-0.04233943010928361,-0.12429361610801751,-0.43439218670621266,0.15136319524616493,-0.02473610012459422,-0.05060793405574622,2016-01-06
6,0,0.866986251745061,-0.14566031464200024,-0.04233942900330872,-0.10964707060485689,-0.5980066116854427,0.5319241813582911,-0.10109958035031373,-0.050382698603618895,2016-01-07
7,0,-0.7952589181437304,-0.14566028577482423,-0.04233943010928361,-0.1242947575373077,-0.8396907247833955,-0.43599173964711735,-0.10165644514417294,-0.05064495211014315,2016-01-08
8,0,0.6659830017743076,3.7839402217068363,-0.04226093113258148,-0.1242910310725724,-0.8448436361311951,0.4985287072455016,-0.0990221236148324,-0.05029120295875507,2016-01-09
9,0,-0.5757626282467925,-0.14565042760575678,-0.04233943010928361,0.0276567169301785,-0.8361518684964833,0.05112502296884802,0.052488506516145825,-0.05064495211014324,2016-01-10
10,0,-1.190916721145257,-0.1454316266226161,-0.04233943010928361,-0.1242309391343842,-0.8375804456073782,0.12700718265137478,-0.10165625238140064,-0.050644928779201924,2016-01-11
11,0,-0.6488338820273611,-0.14566031464496407,-0.04233943010928361,-0.12429477150476537,-0.8441596410895463,0.4292902829183074,-0.10165644514417294,-0.05064495211014311,2016-01-12
12,1,0.09643942593484667,0.09787947878874625,-0.042339430100471094,-0.1241810282137039,-0.8364492836927517,0.000828369205836399,-0.10165644511864959,-0.0506449521101415,2016-01-13
13,0,-0.9562585638230274,-0.14566031344503552,-0.04233943010928361,-0.1175338896000096,-0.7188400814264393,2.201910700548135,-0.10165643475961546,-0.050644912226851,2016-01-14
14,1,0.5111569517094523,-0.07467295245704517,-0.04233943010928361,-0.09259177904611779,-0.8300317315113622,-0.578775815213358,-0.06507846402758294,-0.0499934762446808,2016-01-15
15,1,-1.7359327540363283,-0.14566031464496407,-0.04233943010928361,-0.1242855522700009,-0.8193163440476472,0.6855037145430138,-0.10165644514416951,-0.04891660376877133,2016-01-16
16,0,-1.2124726988231203,-0.1456603145884684,-0.04233943010928361,-0.1242947715046649,-0.8340583404394043,-0.3350505850650447,-0.10165644514328556,-0.05064495205050925,2016-01-17
17,1,-1.7359327540363283,-0.14526845901253635,0.037649657314357286,0.2484769985330949,-0.8344762804633388,0.770751154332233,-0.10165643289624608,4.1991646215773555,2016-01-18
18,0,-1.0259844618794318,-0.1456603146449171,-0.04233943010928361,-0.12429477150316352,-0.8444561067936397,0.6024417075352035,-0.10154008620806733,-0.05064495211014324,2016-01-19
19,0,1.3856960810580574,-0.14522129314740762,-0.04233943010928361,-0.12429465068068989,-0.8409149119785988,-0.2874965062081789,-0.10165644514417294,-0.04868815961866467,2016-01-20
20,0,-0.7773482925351516,0.54062879823506,-0.04233943010928361,-0.12233187672447338,-0.8432522842366966,1.0258895901581502,0.01109823061407926,-0.050644292855633405,2016-01-21
21,0,-1.0779527157839084,-0.14566027454162586,-0.04233943010928361,-0.07514929211572566,-0.7776453123406072,0.5970900219097048,-0.10165644501592919,-0.0506449521082775,2016-01-22
22,1,0.32913333429988256,-0.1419686169351874,-0.04233943010928361,-0.12428999190015275,-0.784061701713728,0.2726292252466713,0.7462684013225294,-0.05064495211014324,2016-01-23
23,0,0.9167893398833655,1.2396899259444236,-0.04233943010928085,0.7592843219691203,-0.29720065829623143,0.35158824959373103,-0.1016564451441729,-0.050504187979897114,2016-01-24
24,1,0.6203513517624089,-0.14488458123365477,-0.04233943010928361,-0.12429477150287895,-0.5853449611773539,0.6991224696330107,-0.10109149905065479,-0.05064495211014324,2016-01-25
25,0,1.0020597286352455,-0.14566031449161804,-0.04233943010928361,-0.12429476842223063,-0.8448562365584279,-0.8751481857607759,-0.10165644514417294,-0.050582894291327056,2016-01-26
26,0,-0.8041469147501203,-0.14565990803740325,-0.04233943010928361,-0.1242767441765354,-0.8401179651495243,0.13433272201082502,-0.09824618683433374,-0.050643129383306326,2016-01-27
27,1,0.049734959765984854,-0.14352593962008933,-0.04225587936115773,1.2790680852967031,-0.8353834538679601,-0.129187356894926,0.2524678271880082,-0.05064495211014324,2016-01-28
28,1,-1.2998635159553515,-0.13324187349456082,-0.04233943010928361,0.3481624369577539,-0.826469982074176,1.5707480499281319,-0.10157026063950833,-0.05064495211014324,2016-01-29
29,0,1.0200699316992257,-0.04558307199853366,-0.04233943010928361,-0.12429477146540861,-0.8179731677087612,0.24047229011792215,-0.10165644489530909,-0.05064495210964027,2016-01-30
30,1,-1.6491544209656155,1.1111865501262934,-0.02821239363828726,2.5397728068401966,-0.7110236602578118,-0.9718056742140813,-0.1016501900035896,-0.05018083512574039,2016-01-31
0,0,-0.4475636955946527,-0.14560215380881697,0.19034879279271005,-0.12429477098303657,-0.5243114591971895,0.8333695501186895,-0.10165644511344286,-0.050644894462115085,2016-02-01
1,1,-0.5961241359249811,-0.14566031402350915,-0.04233943010928361,-0.12429465904262027,-0.8063902393979757,0.06852795376972187,-0.10165644514417294,-0.05064495211014324,2016-02-02
2,0,-1.207685600524087,-0.14565891179067603,-0.04233943010928361,-0.12429467899348341,1.4564744749983447,0.053011334673254584,-0.10164929411641582,-0.050644952110143124,2016-02-03
3,1,-1.7359327540363283,-0.10894817812043403,-0.042277295782265085,-0.0972584751730406,-0.7182912473367477,0.12929376593093522,-0.10165568200806072,0.31521388491864016,2016-02-04
4,1,1.7208531226841248,6.182309324226344,-0.04233943010928359,-0.05702393565021731,-0.6969408078319215,-0.6495448176968894,-0.0942863010513978,-0.050613569297309015,2016-02-05
5,0,0.909395700266515,-0.09724978929139713,-0.04233943010908333,-0.11538552419785811,-0.5159677291517095,0.42943702605413936,-0.1016564122035553,-0.05059248025641281,2016-02-06
6,1,0.7047303852372409,-0.13722512688588712,-0.04233943010534885,-0.11810648925280288,-0.8208168256664693,2.360181295131711,-0.1012275851356201,-0.05064495211014324,2016-02-07
7,0,0.07606091949165261,-0.06147679890284563,-0.04233943010928361,4.189134133065453,-0.8449897881950392,-0.050552388907867396,-0.10153233475687508,-0.050644952061173094,2016-02-08
8,0,-0.6656942725621207,-0.14566031464496407,-0.04233943010928361,-0.12429477150476537,-0.8210195251205865,-0.5512064810859325,-0.10165644514417294,-0.04549908095604725,2016-02-09
9,1,0.4572872953851146,-0.14566031441896937,-0.04233943010928361,-0.12429477150473313,-0.8426810131215058,-0.9627373749819532,-0.05946609693624312,-0.05056268330531542,2016-02-10
10,0,-0.4244518721893229,-0.14563966599997147,-0.04233943010928361,-0.12429445018157805,-0.8449863710129081,-0.09379408983662296,-0.10165644514082477,-0.05064495211014324,2016-02-11
11,0,-1.0054574967582681,-0.14566031464496407,-0.04233943010928361,-0.12429477150476537,-0.7368994166229468,-0.18873238357937128,-0.10165644514417294,-0.05064495211014296,2016-02-12
12,0,1.151779630523663,0.44317056101620644,-0.04233943010363747,-0.12429475215192479,-0.8444611320632731,1.2502283773105773,-0.10165644514417294,-0.05038436873900116,2016-02-13
13,0,-0.02664510892769556,-0.12962676329134562,-0.04233943010928337,-0.06647648778409515,-0.8347200719627833,0.02503629736533597,-0.10159860522596934,-0.05064474644157103,2016-02-14
14,0,0.2551977771398555,-0.14563176656573185,-0.04233919163276717,-0.027702607326805836,-0.8449906653475044,0.9230294757899937,-0.10165644514417294,1.3386466233969225,2016-02-15
15,0,-0.08418160259117258,-0.13939736400747157,-0.04233943010928023,-0.12429477121092913,-0.8263585975238152,-0.6025616302615693,-0.10163813682732549,-0.05064495211014324,2016-02-16
16,0,0.155538276817893,0.9327496681103012,-0.04233943010928361,1.9351349258349755,-0.8394384716279467,2.0627770880200584,-0.10165644514413152,0.15865369122951256,2016-02-17
17,1,-0.6623933408253322,-0.1456572944422631,-0.04179361527992395,0.23958238782263286,-0.8415244043362261,-0.029196199901130093,-0.10165644514417294,-0.05064495211013611,2016-02-18
18,0,0.8979573147652502,-0.14533228508769389,-0.04233943010928361,0.4225947206046759,-0.8402672408034851,0.4223110359455111,-0.10067621886785742,-0.03726738858272491,2016-02-19
19,1,0.13323044440342358,3.4415885407445512,-0.04233943010928361,6.808679684715209,-0.46288329200835526,0.8804538953314305,-0.1016403277970355,-0.05029811445899919,2016-02-20
20,0,0.9429704064062747,-0.14462988557281944,-0.04233943010928361,0.657385405949562,-0.754702890812566,-0.6021417618578688,-0.10165644514417169,-0.05064495210979115,2016-02-21
21,0,-1.0235268076258706,-0.14566031464475437,-0.04233943010928361,-0.11515281090646745,-0.8449912145393672,0.18613753636631536,-0.10165570113624663,-0.04751022809307402,2016-02-22
22,1,1.7208531226841248,-0.14543955538560432,-0.04233943010922811,-0.12407646977731025,2.5353795269585007,0.43848656510146977,-0.10165644514417294,-0.05064494967723784,2016-02-23
23,0,1.7208531226841248,-0.14559939816616033,-0.04233943010928352,-0.06946144095296494,-0.8340917569202833,-0.9823832605230769,-0.10165644514417294,-0.05064209104325611,2016-02-24
24,0,1.492344221422357,-0.14566031464495605,-0.042337421645058194,-0.1208042124087146,-0.8174857986813969,0.9617857402913783,-0.10165644514417294,-0.05061575198087719,2016-02-25
25,0,0.5852594214800035,-0.05248621750608212,3.5733994798783715,-0.1233944842640151,-0.8446069612871446,-0.024505930538775367,-0.10165630053644176,0.3217987811313798,2016-02-26
26,0,-1.7359327540363283,-0.14566031413323666,-0.04233940061315269,-0.12384697185919888,0.6117455168780678,0.3191523370853204,-0.10165644514417294,-0.050644932331306375,2016-02-27
27,1,-0.4751011158735139,-0.14565574144529964,-0.04233943010928361,-0.12403121625440115,-0.8426508811668832,0.25474825467238293,-0.021313131348941763,-0.05064495211014324,2016-02-28
0,0,0.2586727100521671,-0.14552536383508877,-0.04233943010928361,-0.11917603957564687,-0.8178612412569322,-0.421255460179502,0.038389947956985096,-0.04709399030601409,2016-03-01
1,0,-0.9096630774040477,-0.14566031464492005,-0.04233943010928361,-0.12429477150476537,-0.1672825106968433,-0.6497710194130235,-0.10165644514417294,-0.050644951933057514,2016-03-02
2,0,0.20359648779854922,0.06836804717526701,-0.04233943010928361,-0.12429475973395598,-0.842158678968229,-0.4326454781964677,0.8326127921823321,-0.05064321507167785,2016-03-03
3,0,1.0795033878249995,-0.14546107443967538,-0.04233943010928361,0.09945597840619559,-0.8433295145570823,-1.1118334052150698,-0.10165576760919216,-0.05064428926060933,2016-03-04
4,1,-0.4459421281174656,-0.145654980375551,-0.04233943010928361,-0.12429477004903904,-0.8449896545899741,-0.7716486465781021,-0.10165644481546975,-0.05064495206985529,2016-03-05
5,0,0.4391883424856786,-0.14565914070511765,-0.042339428102085325,0.06323299616833998,-0.5789926454587202,1.731191380085324,-0.1016564451441726,-0.05056915509589859,2016-03-06
6,0,0.6119497396934435,-0.14566031464334447,-0.04233943010928361,-0.12429477150476537,-0.7415585585365958,-0.17932206757288016,-0.10165644514417294,-0.05064495209234049,2016-03-07
7,0,-0.22253265206168749,1.0292693235054147,-0.04233943010881481,0.5779453429911258,-0.8426015538552482,1.3093100354684593,-0.10165644514417294,-0.05064495211014324,2016-03-08
8,0,0.11083447102613775,0.05154327307695947,-0.04233943010928361,-0.12378012905567376,-0.8449908710519236,-0.5340308163909988,-0.0843153189210014,-0.05064495208985394,2016-03-09
9,0,-0.12387051370561153,-0.14566026897599954,-0.04233943010928361,-0.12429477150476521,-0.054063636239213175,-0.4417985951464969,-0.10165644514417294,-0.05064495211014324,2016-03-10
10,0,-0.5297980903443005,-0.14560306294953423,-0.04233943010926969,-0.12423679349485689,-0.7249511941892433,-0.5762991615452981,-0.10161104990034549,-0.03799148076282327,2016-03-11
11,1,0.3421887263174028,-0.14507122472329317,-0.04233943010928337,-0.12429477149898908,-0.5930973653446561,1.9867188057580023,-0.1016564411572215,-0.050644948347194255,2016-03-12
12,0,-1.4867241943406668,8.00373952310831,6.801687316733238,-0.1000535140247402,-0.7999361124925612,-0.9695955852448779,-0.10165644514081269,0.013060309344390147,2016-03-13
13,0,0.10676195823289447,4.653689087451242,-0.04233943010928361,3.252210234705712,-0.817341616995304,-0.06587145802445127,-0.101595368613256,-0.05064495210879876,2016-03-14
14,0,-1.5540973902175779,-0.14566031451751063,-0.04233943010928361,-0.08645137247486698,-0.6152989220507264,0.9049914871543274,-0.1016563162361796,-0.05063869826243382,2016-03-15
15,1,1.5547671176261986,-0.14565241987148073,-0.042339430109282754,-0.12429448944015521,-0.7778330923683927,0.5831973356766591,-0.09997008796661493,-0.05064495211014324,2016-03-16
16,0,-0.0273099448660048,-0.14553290427512008,0.02960542613789103,-0.12429477150476537,-0.8449913072879753,-0.3902453682135931,-0.1016528920590141,-0.04748009485854987,2016-03-17
17,1,0.18212918344464413,-0.14549112606323486,-0.03072085939544296,-0.12429477145547377,-0.8439843100561023,1.0455260459848885,-0.1016564417768416,-0.05040702114454581,2016-03-18
18,0,-0.28516259538032784,0.2864763271902326,10.129503755794707,2.1814364950139513,-0.8420717674594427,0.49115487040920414,0.4306768347738369,-0.035895056716978534,2016-03-19
19,0,0.6002150296101405,-0.142040834746748,-0.04233943010895313,-0.12420999552937804,-0.8446563237141872,-0.5230178462639974,-0.09923649991722688,-0.028658739768543894,2016-03-20
20,0,-0.8991792257727838,-0.032162341520939455,0.02483825087811794,-0.10020104838678272,-0.6205430054391193,-0.30469632130753554,-0.10165644511252364,-0.05064495211014324,2016-03-21
21,0,-0.10637732009926992,-0.14566031464296886,-0.042339428188468343,-0.12429476658920724,-0.8449913019577923,1.195853734744471,-0.10041345382701032,-0.0506303707258613,2016-03-22
22,0,-0.4234169220141979,-0.12911316968082384,-0.04233943010816385,-0.12365893541854202,-0.844991203838771,-0.6636555832647204,-0.10055526365341276,-0.05064495211014324,2016-03-23
23,0,-1.372515927085388,0.06682349968236406,-0.04233943010928361,-0.12402878434836405,-0.8446328308845354,0.15100526832153705,-0.1016564294595002,-0.05064495211014324,2016-03-24
24,0,-0.15433450851578812,-0.14560686635869238,-0.04233943010928361,-0.12429476747239254,-0.8449682917392154,0.41249150176667726,-0.10165644514417294,-0.05064495211014324,2016-03-25
25,0,1.2692593906825351,-0.14566031464496249,-0.04233943010928361,-0.12429477150472713,-0.24998831107422714,0.2017450361482327,-0.10165644514417294,-0.05064495211014324,2016-03-26
26,0,-0.05368522425749234,-0.14535430421650122,-0.042339430109283566,-0.12390559846096608,-0.84251950623236,-0.6205373012421034,-0.10165644514417294,-0.05064433477821335,2016-03-27
27,0,0.29772261814960643,0.4147169986585315,0.18709064335805933,-0.11791521176383751,-0.8449913268792584,0.8875816178331091,-0.09525724153146431,-0.050583217159217236,2016-03-28
28,1,1.0118934646643964,-0.1447358704284136,-0.04047312058202315,-0.12347151993474251,-0.7623812611337855,-0.042566561359467237,-0.027827307716447564,-0.05064495211014324,2016-03-29
29,0,1.7208531226841248,-0.14566031464496407,-0.042321290486671936,-0.12429477150476537,1.5824153012594544,0.5579093261872483,-0.1016564451441729,-0.05064495210850821,2016-03-30
30,1,-0.8033741333510136,-0.145660309939328,-0.04233943010928361,-0.12429294557799123,-0.8146980412505199,0.3146483043817234,-0.10165644514353481,-0.05064495211014324,2016-03-31
0,0,-0.942486666922008,-0.1456603110420758,-0.04233943010928361,-0.1242947710807883,-0.8441869694721783,0.2991799656651759,-0.10161697250085207,-0.05064372871056465,2016-04-01
1,0,-0.2892851834135399,-0.14565940550193007,-0.0423346907335818,-0.09350558977232112,-0.8308566235210352,0.19929743256233667,-0.10165644514415713,-0.05064494613479626,2016-04-02
2,0,1.482210889103584,1.2236844942942988,12.974854015203675,-0.08856170595719642,-0.8393265672418204,0.18692323172974046,-0.10106566531540787,0.004459555286626601,2016-04-03
3,0,-0.052051537177945306,-0.12879075895913236,-0.011084057834628368,-0.12297556562645934,-0.7771180900650861,0.24817856558572515,-0.10165644514417285,-0.04731003359340605,2016-04-04
4,1,-0.9538451457650581,-0.1456591934896433,-0.04233943010928361,-0.12429477076062988,-0.843392255739665,0.5345998381785186,-0.07800478707595601,-0.05064495211014317,2016-04-05
5,0,0.8800130182481496,-0.14566031440863644,-0.04233922297866462,-0.12429477150476537,-0.8337456552562456,-0.031616784667189535,-0.10165644514292192,-0.05064178447649432,2016-04-06
6,0,0.6646793365413544,-0.1368627068289951,-0.04233943010928361,1.3102350470904327,-0.8403972814663946,1.0776947766366458,-0.09788682088387075,0.046405268781370745,2016-04-07
7,0,-0.46831685654640864,-0.14554329170358132,-0.04233943010928361,-0.12429477148902705,-0.5089308648380104,-0.31339721859922465,-0.10165644514407653,-0.0506449521101432,2016-04-08
8,0,0.46535982176456514,-0.1456603141527554,-0.04233943010928361,-0.12429477150476537,-0.6004988470048906,-1.1327133270889913,-0.1016564451441574,0.0012929262423560933,2016-04-09
9,1,1.7208531226841248,1.5284142275557384,-0.04233943010928361,0.6268378443560662,-0.8448395518059263,1.7796188770356354,-0.09342646516861403,-0.05064495139688245,2016-04-10
10,0,0.44554835899899103,-0.12562538862523018,-0.04233943010928361,-0.12429477145861732,-0.8268434804855755,0.06628981460182803,-0.10165644514417294,-0.05064495211014324,2016-04-11
11,1,-0.11118952065406518,1.185619039691585,-0.04233943010928361,3.2636744258656942,-0.408004087144021,0.005126072600604825,9.599272891471188,-0.05064495211014324,2016-04-12
12,0,0.3983866032746022,-0.1456599660072132,-0.04233943010928337,0.045150213579414636,-0.844917190426764,-0.966996074145944,-0.10165643461732982,-0.05064494768399389,2016-04-13
13,0,-1.559146222136775,-0.09631355709820291,-0.04233943010928361,-0.10170659478083235,-0.4855606484730386,0.41466415695768255,-0.10165644514417294,-0.050644947354540455,2016-04-14
14,1,-0.7904536602812726,-0.13068802777453847,-0.042336205127584355,-0.12428514405453667,-0.13129911798958316,0.6422509124856308,1.2452975549559993,-0.05064439170003906,2016-04-15
15,0,-0.5800061388422364,-0.14565589698758363,-0.04233943010928361,-0.12429473019911143,-0.8427741592718331,0.41771994765523957,-0.10165644514416217,-0.05064495211014324,2016-04-16
16,0,-0.5328180121081658,-0.14566007002375694,-0.04233938626956374,-0.12289788852668915,-0.7835970196044619,-0.13975878927087892,-0.10165294934849763,0.3383129711077641,2016-04-17
17,0,0.05172358101418695,-0.14566031464193427,-0.04233943010928361,-0.12429431006894454,-0.6518858342689624,-0.7056079812427467,-0.10165639033803148,-0.03836725661084772,2016-04-18
18,0,0.8732665126294847,-0.14510136339605334,-0.04233943010928361,-0.08338308547634557,2.1076776668849915,-0.4451297055856367,-0.023200877598084882,-0.05064495211014324,2016-04-19
19,0,-0.017692380905728555,-0.14566031370886026,-0.04233943010928361,-0.12429255457211603,-0.8449875381467942,-0.16906730311810136,-0.10165644514409271,-0.050644952091156915,2016-04-20
20,1,-0.417976727192638,-0.11478619636522966,-0.04233943010928361,-0.12429379294428491,0.2518779821463918,0.22491647303320406,0.08220902005536325,-0.05064495211014324,2016-04-21
21,0,-1.4143401279535794,1.3755979104872629,-0.042339430107907854,1.1996781782010588,-0.7275511179909928,-1.076079325878228,-0.10165644514417294,-0.04635466339701338,2016-04-22
22,1,1.7208531226841248,2.83497334923994,-0.04233943010928113,-0.08554136671551849,-0.8269913937322894,0.5638656532104527,-0.10165644514406982,-0.05064494380196495,2016-04-23
23,0,-0.761789958303595,-0.14566030484585346,-0.04233943010928361,-0.12429477150453767,-0.8440558932106307,2.141095323600351,-0.10165644514417294,-0.009354372317744095,2016-04-24
24,1,1.2605267990258824,-0.14565184417562493,-0.04150073212782207,0.010511939079233992,-0.7615593089014517,-0.3516049081569208,-0.10164960874100264,-0.05064495211014324,2016-04-25
25,1,-1.0956357969937898,-0.03944676556221295,-0.04233943010928361,-0.0854259141884174,0.05670022017620013,0.23640752229993467,1.1339145356744398,-0.050644952109576785,2016-04-26
26,1,0.5671402116859383,-0.14241742480430356,-0.04233943010928361,0.016018801953759113,3.9379475949030467,-0.980462023743824,-0.10165644334929357,-0.05064495211014324,2016-04-27
27,0,-0.7998055457126583,-0.14562633309681836,-0.04233943010928361,-0.12429477150476537,-0.5382487304237642,-1.070067813222233,-0.10165644514412499,-0.05064495211014324,2016-04-28
28,0,1.6675620389476933,1.7480528512666518,-0.042339428612963234,-0.1242945399396683,-0.7955354925862805,-0.5292348384588923,-0.10165644514417294,-0.05036056932067657,2016-04-29
29,0,-1.031996595327044,0.2330734004741995,-0.04233943010928361,-0.01642045414799488,-0.8448705866346743,-1.232717507841457,-0.10165644514401453,-0.05064491338707665,2016-04-30
0,0,1.3007281130837924,2.84182730384361,-0.04233943010928361,-0.03145187700553205,-0.844806620759763,-0.6352854321047974,-0.10165630241038123,-0.050644952110143165,2016-05-01
1,0,-0.604206484716201,-0.14304844608982376,-0.042339428894116016,-0.07141667913468548,-0.8443330671333498,0.9017471413113531,-0.10165644514417294,-0.05064483826945583,2016-05-02
2,0,-1.2493349613683904,-0.1444784480386632,-0.04233943010928361,-0.12429473796830279,-0.8449910223001595,-0.6417916658917955,-0.10165644514417294,-0.05030176650839105,2016-05-03
3,0,0.06436459250225823,-0.13855835999690144,-0.04233943010928361,-0.1047697676392379,-0.8449902766632286,0.2732666221529989,0.47977337404133835,-0.05063792570729954,2016-05-04
4,1,0.43843572118584007,0.5586437584773435,-0.042339430109283545,-0.05478450082715432,-0.8419645571863115,-0.11095154667758811,-0.10165644509484835,-0.05064495211014323,2016-05-05
5,0,-0.03547144694611859,-0.13539233119816396,-0.04233943010928361,-0.12429474744679854,-0.8337340157190216,-0.39016734773627704,-0.1016564451065362,-0.04799394188988458,2016-05-06
6,1,-0.842136582476968,0.7706666843295065,-0.04233943010928361,-0.12424712295291927,-0.8146380563772059,0.20190554299853147,-0.1003488049436021,-0.0506448282488996,2016-05-07
7,1,0.3573002401802512,-0.1377940478955684,-0.04233943010928361,-0.1242945691528133,-0.7959506645575584,1.1010298127134321,-0.10058707123705973,-0.050644951650823576,2016-05-08
8,0,0.31653227807422013,-0.14149414208056946,-0.04218418826095249,0.10887582975205341,-0.78258959027168,0.27585537809698835,-0.10165644514417294,-0.05064359304691774,2016-05-09
9,0,0.6603932057705038,-0.14548548883713297,-0.04233928119998661,-0.12429034337287091,-0.8449429181409035,0.313096261736467,-0.10165644514417294,-0.050644952110142194,2016-05-10
10,1,1.3599924397115615,-0.14559711261108424,-0.04233943009767221,0.5129765334210693,-0.7607236841097452,0.13930617719494887,1.2698904747803275,0.2873542993755527,2016-05-11
11,0,-0.3010143293481775,-0.14543416616862176,-0.04233943010928361,1.4987177694693612,0.7625373899752327,0.6974655559473657,-0.10165639341784045,-0.05064495211014324,2016-05-12
12,0,1.7208531226841248,-0.14491358930284473,-0.04233943010927224,-0.12428458670678673,-0.7979538574438814,-1.0873744517900694,-0.10165535292770476,-0.05064495210993137,2016-05-13
13,1,0.9585652611177125,-0.1434135593688768,-0.042339193127653156,-0.12429475248859417,-0.8449913203013597,-0.3169491884134219,-0.1001417020522206,-0.04916253213563836,2016-05-14
14,0,1.0775581859872148,0.18149061525808685,-0.04233942842647675,-0.12429477034396891,-0.8420314180783737,1.7798333264504427,-0.1016564451441729,-0.050644952078786186,2016-05-15
15,0,1.1311865825866505,-0.14515791257559094,-0.04233943010928361,-0.12429477150388811,-0.8449762554460475,-0.4079077056506639,-0.10164931447388703,-0.05064495211014324,2016-05-16
16,1,-1.1292571258677526,-0.13389878604863603,-0.042339430037587285,-0.12214431759868796,-0.8291561573312594,-0.12956717866990974,-0.10165644514417294,-0.050644952110127366,2016-05-17
17,1,0.07044066978468777,-0.09331227775549028,-0.042339430108632656,-0.12428899598047585,-0.558422618455001,0.3512902183944986,-0.10162681947087633,-0.050644133751221704,2016-05-18
18,1,-0.1641253111529153,0.3385612390635028,-0.04233943010928361,0.5707431256279452,-0.6624803408674231,-0.6853660475380452,0.3202927658607591,-0.05064493680790988,2016-05-19
19,0,-0.8977598050377367,1.8115778535029494,-0.04233943010928361,0.17121541620706127,-0.8449042960943377,-0.20041062551782174,-0.10165644513859459,-0.0506449521096928,2016-05-20
20,0,-0.7374366667071826,-0.12375084165963358,-0.04233943010928361,-0.12166901629561717,-0.8449912173895003,0.6354311829805956,-0.10165644351987933,-0.05064495211014324,2016-05-21
21,0,-1.60897263998082,-0.14565944115385665,1.0283417623267161,-0.09092661181053706,-0.761043972488993,-0.8138643635133103,-0.10165644514417292,-0.05053553247038308,2016-05-22
22,0,-1.1198780790644207,-0.14544795334232438,-0.04233943010928361,0.09431668085285337,-0.6433953061362012,0.11602039387357177,-0.10165644514417294,-0.05064495211014324,2016-05-23
23,1,0.13551036791810134,-0.1377966273098491,0.10582170065093546,0.21981708898784624,-0.8049474357213259,0.33796913061524503,-0.10044319897635826,-0.05063778669012898,2016-05-24
24,0,-0.685518122021378,-0.14566031464496407,-0.04233943010928361,-0.12429477150476537,-0.8106789003972953,0.7586415048671835,-0.10165644287449987,-0.05064495211014324,2016-05-25
25,0,0.26586491391707057,-0.14566031464496407,-0.04233943010928361,-0.12429477150476537,-0.8449910786597894,0.28047243274007805,-0.10165644514417294,-0.05064495181526991,2016-05-26
26,0,-0.12882490659168866,-0.1454723245985316,-0.04233943010928361,-0.12429477150269881,-0.8197902140483888,-0.5604718991149533,-0.10165096959773094,-0.05064495211014324,2016-05-27
27,0,-1.494019814882364,0.528046219228482,-0.0423394156945482,-0.1242947319752391,-0.8443701063774387,0.604918924617257,-0.10165644514417294,-0.05064495211014324,2016-05-28
28,0,-1.7359327540363283,-0.13625907585014452,-0.04233943010928361,-0.09864496646080977,0.19007637462350468,0.4809720015952088,-0.1016564451298916,-0.05064439369345874,2016-05-29
29,1,-0.38976049899609677,-0.1456539832727832,-0.04233943010928361,-0.1242946344412986,-0.10805883229801538,0.31941335499056756,-0.10139982774701939,-0.05064495211014324,2016-05-30
30,1,1.4972024451192567,0.016756514526501065,-0.04233943010928304,1.1717497008204283,-0.8439851533128176,0.6395851024047134,0.31550838414481297,-0.05064495211014324,2016-05-31
0,0,0.41961621386066383,-0.12772478263648002,-0.042339413551424974,10.61304949348599,-0.8432167868484429,-0.03084388240111302,-0.10165644514417287,-0.05064495210948342,2016-06-01
1,0,1.1708297117908302,-0.14351062982649274,-0.04233940992010561,-0.12429476861077714,-0.8349817263006188,0.022891345064952606,-0.10165571127669087,-0.04781683933291142,2016-06-02
2,1,0.5584024989785661,1.1904828941390782,-0.04233943010928361,0.8467283116694592,-0.47819971726344374,1.2965838713162423,-0.10034046915603456,-0.05064491283456506,2016-06-03
3,0,-0.35585918776114056,-0.14353435269144801,-0.024246070670052973,-0.12416708240395145,-0.844991120027168,0.4031522892068118,-0.10164083339678756,0.275595523512718,2016-06-04
4,0,1.479841241376434,-0.14509195051919202,-0.04233943010928351,-0.12419878984929335,-0.8447820430336789,0.3970523090785427,-0.04261434377513216,-0.05062703395419078,2016-06-05
5,0,-0.19352252047275442,-0.1456603146433786,-0.04233943010928361,-0.12429477150325076,-0.8396416257074125,-0.8867958278107637,-0.10165059806859739,-0.05064495211014324,2016-06-06
6,0,0.6951451344787785,-0.14566031464224702,-0.04075773890253954,-0.1242947715044584,-0.8433468041941189,0.4273674566133341,-0.09884569527657384,-0.05064495095753024,2016-06-07
7,0,-1.7359327540363283,-0.1456241816588135,-0.04178806990690685,-0.12429430278022906,-0.8447401018578161,1.2524691768071428,-0.10165644514417294,-0.05062729391098265,2016-06-08
8,0,-0.8211120630854367,-0.04770717448985026,-0.04233943010928361,-0.1239873420929957,-0.7373994511999624,0.3283958135448257,-0.10165582734992985,-0.03923041368745959,2016-06-09
9,1,1.4798009923079434,1.9217636269261056,-0.04233943010928361,0.04800411865178099,-0.6642687037943031,0.5380332676291202,1.7426589706960798,-0.050644951909057906,2016-06-10
10,1,0.032047630939345595,1.3824328891223754,-0.04233943010928361,2.9147800042988963,-0.8112950521823533,-0.6959600606723537,-0.09944911550992595,-0.05064495211014324,2016-06-11
11,0,-0.8546193479076862,-0.14565871984434242,-0.04230893667828486,-0.12429477126823851,-0.7738417031399113,-0.26710722923105035,-0.10165644514417294,-0.05062902700383024,2016-06-12
12,0,-0.02534395631855091,1.871925218695997,-0.04233943010928361,1.2567757002469824,-0.5577236049792815,-1.0455680182676588,-0.10163410758017163,-0.05064495211014324,2016-06-13
13,0,0.33170279296453486,-0.14566031464478352,-0.04233943010928361,-0.12429477150476521,-0.8442623855792208,0.7457502166741001,-0.10165644430714026,-0.050644952110140015,2016-06-14
14,1,-0.5608602839775898,-0.14566031300782661,-0.04233943010928361,-0.12420975210582229,-0.4516181525997239,-0.6488920121802662,-0.09963959924559357,-0.05064495211014324,2016-06-15
15,1,1.1294796637134823,-0.14566028225487218,-0.04233943010928361,-0.12429477150476537,-0.8445673354354861,0.838915325420448,-0.10147793301801154,-0.05064495211014324,2016-06-16
16,0,1.222474241330147,-0.14566030659997803,-0.04233213875958483,-0.12429470608757123,-0.8449597977974537,-0.8523414928267181,-0.10165579936790549,-0.05064495207145807,2016-06-17
17,0,-1.7359327540363283,-0.1456603146449577,-0.04233943010928361,-0.12429477150175473,-0.7598568049431719,-1.2351919243966547,-0.10165644514417294,-0.05064495211014319,2016-06-18
18,0,-1.1127532276792351,5.474294984530727,-0.04233714446422164,-0.12418060667565108,-0.8444145715853105,-0.38719184094789405,-0.10165643312240241,-0.05064489430433952,2016-06-19
19,1,-0.8094753287253127,0.4449397466436319,-0.04233943010928361,0.013248732297720847,-0.2701463609246505,-0.3727398288923398,-0.08108705637745306,-0.05064495211014324,2016-06-20
20,1,0.26798270277821246,-0.14566031456425527,11.393679466434476,-0.12425913753665012,-0.29724781871679506,1.0902670467723707,-0.09181598519670002,-0.04981659476533795,2016-06-21
21,1,0.2819082988468864,-0.14136676916202487,-0.04233939186775037,-0.12429308750543254,-0.7593060580002743,-0.23009408155403266,0.09286488755249096,0.21599803437753662,2016-06-22
22,0,1.473968383184726,-0.14566017104131052,-0.04233943010928361,-0.12429477150476537,-0.7101799485982057,-0.19499914103431815,-0.10165568143105971,-0.05064495204206141,2016-06-23
23,0,0.1526790050827742,-0.1455541581315059,-0.04233943010928361,-0.12407746415703523,-0.8449827641459668,0.6965661226520483,-0.10165644514417288,-0.0506410929521648,2016-06-24
24,0,0.37949005693073445,-0.1456603146417595,-0.04233943010928361,-0.12397143136094045,-0.7383868649619542,0.17095896338622207,-0.09893679994308581,-0.050642151262451154,2016-06-25
25,1,-0.38855840070500847,0.08316495755081713,-0.042339430109283344,0.07120803857385967,-0.8449902114145924,2.1781621565821156,-0.10161610162917348,-0.04667481150546186,2016-06-26
26,0,0.40912629976398307,0.024991488564112013,8.754479450100161,-0.12106710314260895,-0.7053867568297101,0.6034798875705061,-0.10165644514417294,-0.04514558914562203,2016-06-27
27,0,-1.7359327540363283,0.13789009882101916,-0.04233943010928361,-0.12381662576711322,-0.8449677098767413,1.1992965278570402,0.36827526526180265,-0.05064495177401732,2016-06-28
28,0,-0.6482488873327554,-0.1451309308271516,0.3565265035450169,-0.12429477150462345,-0.8283392653232516,0.5059761376099763,-0.10165644514417294,-0.050644944179631564,2016-06-29
29,0,0.5072927736200796,-0.14521922167907508,-0.04233943010928361,-0.12375900787937989,-0.8372318872655862,1.4897260451773429,-0.10165529277126648,-0.05064495211014324,2016-06-30
0,0,1.7208531226841248,-0.1365769351170502,-0.04233943010928327,-0.12428895584768122,-0.8416462047322594,0.5107999192036043,-0.0997644425690888,-0.050614382806914805,2016-07-01
1,0,0.07113391753082965,-0.14566031464496407,-0.04233943010928361,-0.12429477150457001,-0.8375855917481096,-0.48197458871968246,-0.10165644514417294,-0.05064495211014324,2016-07-02
2,0,0.24715909157642102,-0.14566031464496407,-0.04233942960199655,-0.08573958250185237,-0.8208654429652599,1.039681130770492,-0.10165644514417294,-0.05064495210659678,2016-07-03
3,0,1.7208531226841248,-0.14566031464495344,-0.04233942242964973,-0.12429477150476537,-0.844324994196455,1.4587857149167354,-0.10165644514417294,-0.050643755792317,2016-07-04
4,0,-1.7005569497259359,-0.14565035166910992,-0.042324703445445075,-0.12397173632779164,-0.7975680732085355,0.20991342314543182,-0.1016541866967114,-0.04931870885204567,2016-07-05
5,0,-0.5102214873323163,-0.14566031464495433,-0.04233942880944523,-0.12429477150476537,-0.21935121525472479,-0.4137540356636049,-0.10165644514417294,-0.05064495192832059,2016-07-06
6,0,-0.4475282438510533,-0.14566005309428542,-0.04233943010928361,-0.12429456618412171,-0.8448698865577936,-0.20841394160924853,-0.10165644513649526,-0.05064449191428762,2016-07-07
7,0,-0.8324686653265729,-0.14566023443390952,-0.04233943010928361,-0.12429477148946165,-0.8416282750349436,0.22579107874660131,-0.10165642639022167,1.5647662107810505,2016-07-08
8,0,0.578224590322165,-0.0561935871664917,-0.037992161153532863,0.32287205367303334,-0.8438398058616359,1.8583220665562603,-0.10165644514417294,-0.05064054458618781,2016-07-09
9,0,-0.1491328861838639,0.07415497873854945,-0.04233943010928361,0.17197262172448186,-0.8389973552520159,-0.5689474700306647,-0.10165644514415047,-0.05064495209612341,2016-07-10
10,1,-0.01782906794323935,2.463420140868669,-0.036870622982822,2.891230374266649,-0.8449139596817663,-0.05502376989558444,0.04764804827616893,-0.05062527025072758,2016-07-11
11,1,-0.10943380338210318,0.30839314388746675,-0.04233943010928361,-0.12429475544854779,-0.8443239034601779,1.2274920799439348,-0.07471524393953989,-0.050644749368829546,2016-07-12
12,1,-0.382032082791838,7.702784491368628,-0.04233943010928361,1.8472242845078766,-0.4765364736512398,0.0789754312473625,-0.08029444887956122,-0.02943126298079946,2016-07-13
13,0,-1.7359327540363283,-0.14556654522693924,-0.04233943010928361,-0.1242013529124047,-0.8448098932224715,-0.8248270564343492,-0.10165644514417294,-0.050644952109831214,2016-07-14
14,1,-1.7359327540363283,-0.09017815825244856,-0.04233943010928361,-0.12429414228236071,-0.7060561478173244,-0.17930667270065248,-0.1016564451340574,-0.05064495211014324,2016-07-15
15,0,0.4042972206730724,0.6944365749943009,-0.04233943010928361,-0.12429102897937051,-0.8226860181453052,2.0954400489989773,-0.10162408111390747,-0.05064495163084234,2016-07-16
16,0,-0.8625834132780881,-0.14566027143311908,-0.04233943010928361,-0.12429477141049138,-0.8403208546934007,-0.0884766061125215,-0.101656442770059,-0.05062414463247167,2016-07-17
17,0,0.2560906421010287,-0.1454776384958642,-0.0423394300291402,-0.12429477148501235,-0.581460332583186,1.6950006413391971,-0.10165644495066935,-0.05054962140746428,2016-07-18
18,0,0.4620752919566371,-0.14503718427960927,-0.04233942956454612,-0.12429408007189746,-0.6443230279036513,0.2767866913972039,-0.10137955119084337,-0.050644951567310366,2016-07-19
19,0,0.09324529198639198,-0.14564739592761855,-0.04233943010928361,-0.12429477150476537,-0.8410812498692828,3.686264651820383,-0.10165644513093629,-0.0506449521073312,2016-07-20
20,0,0.3580327919697339,-0.14564765024094833,-0.042339430108890116,-0.03882783234401131,-0.8291559682156742,-0.1385255221843602,-0.10165644514417294,-0.05064495210934034,2016-07-21
21,0,-1.5902703532348994,-0.14565619053745643,-0.04233943010928361,-0.11797434546151325,-0.8449340903757064,0.2936767375580871,-0.1013632562193538,-0.05064411700477192,2016-07-22
22,0,0.6711811855103349,-0.14566028737028336,-0.0423394301092836,-0.124291689701612,-0.8072516848541372,-0.5053241543123304,-0.10165644514417294,-0.05064495170564279,2016-07-23
23,1,0.21597064421933965,-0.010842849338384114,-0.04233943010928361,0.1550991778818448,-0.823489128549426,1.948780255448722,1.2460420988483536,-0.05064495211014324,2016-07-24
24,1,-0.15673207226336672,0.04598283144999765,-0.042339430080926006,4.876532027894829,-0.8435426527642949,0.9902435075602822,0.24426482020034151,-0.0506059515097261,2016-07-25
25,0,-0.08353804838696988,-0.14565787979990416,-0.04232553905898459,-0.12139311107781552,-0.8448838400692172,0.9699051277276869,-0.024318388567962868,0.20591913322362737,2016-07-26
26,0,-1.0512753316749581,0.8953129193755821,-0.04233943010928361,-0.11467760328451271,-0.6854654994425954,-0.7133970135522021,4.774894877922749,-0.05064495211014324,2016-07-27
27,0,0.5099663516984378,-0.14566031463074233,-0.024225427940381232,-0.12226024085129478,-0.8449903033420235,0.801131028996152,-0.10165644514417294,-0.04726894213968697,2016-07-28
28,0,0.4388803842779794,-0.14565867885527942,-0.04233943010928361,0.176140987019338,-0.8281939912781606,-0.13499420957092223,-0.10165644514417252,-0.004024482655901905,2016-07-29
29,0,1.3002311940502125,1.9418104440072512,-0.04233943010928361,-0.1138880745019888,-0.8445842533010297,-0.2251377572641533,-0.10165644446813513,-0.050644952106323825,2016-07-30
30,1,0.20374713505688646,-0.14402066753475098,-0.042338464439039984,-0.12429476596094656,-0.818994515840778,0.027331024962616635,-0.10102919725047571,0.262117627222009,2016-07-31
0,0,0.7428094966204952,-0.14566031464495463,-0.04233943010928361,-0.11200701231739618,3.6922212679112794,-0.4104654242252028,-0.10165644514382398,-0.05064495211014324,2016-08-01
1,0,-0.7632002244087204,-0.14566031464496287,-0.041576963003392045,-0.12429435354885089,-0.8309042143368592,-1.0404275043707965,-0.09459175670695791,0.013757724098727747,2016-08-02
2,1,1.7208531226841248,-0.03217771493095482,-0.04233943010928361,13.485755062165387,-0.6084526960293246,0.6616763987615837,0.2636335615607184,-0.050644952110142104,2016-08-03
3,0,0.05927808558323022,0.5802141434238632,-0.04233943010928361,-0.06505757640864615,-0.6351543809687927,0.3470209510225848,-0.09396392690513558,-0.05064494989929423,2016-08-04
4,0,0.2855204694885458,-0.1425020827372715,-0.04115746191270359,-0.12429477149569965,-0.8429941906530087,-0.33587264561498253,-0.10165644514417291,-0.04999878871447491,2016-08-05
5,0,-0.7505372817372802,-0.14566031464496365,-0.04229971688267975,-0.12429436514161923,0.30398669574107207,0.04026732724337556,0.31266186905102683,-0.05064495211009734,2016-08-06
6,1,-0.5405664789532949,-0.10820360803078527,-0.04233943010928361,0.00131387333105408,-0.6936416051623855,0.15281859388589236,-0.10165644514265922,-0.05064495048296387,2016-08-07
7,1,-0.40969028331188895,-0.1437233225912445,-0.04233943010928321,-0.1242930909561052,-0.8449380409978687,1.8088971417894957,-0.09569947593814628,-0.05064495211014308,2016-08-08
8,0,-1.0884918154336702,-0.14566031464496404,-0.04233943010928361,-0.12429477150476537,-0.8449798168380147,0.020106867008438556,-0.1016563624358489,-0.05064495211004681,2016-08-09
9,0,-1.269499732751271,-0.14566031171583177,-0.04233943010928361,-0.12429477150476537,-0.8411026529271404,1.1199294648782576,-0.10165644514417294,-0.05064494956059526,2016-08-10
10,0,-1.3410497416611378,-0.14566031464496343,-0.04233943010928361,-0.12429476817106257,-0.3711004410397552,0.43593953848747713,-0.10165644514417294,-0.05064495210949607,2016-08-11
11,0,-1.7359327540363283,0.750299376289742,-0.04233943010754025,0.6936730659378212,-0.8449817853210054,-0.7315603650929274,-0.10165644161270325,-0.05064495211014324,2016-08-12
12,0,1.7208531226841248,-0.14305103820356604,-0.04233943010928361,-0.12429477150101276,-0.37144302731825,0.24586230158009048,-0.1016564445621946,-0.045121537255506175,2016-08-13
13,1,0.09928140798974994,-0.13290559324283485,-0.04233943010928361,-0.12429477150476531,-0.8307332342140432,-1.032808519209012,-0.09959734482553169,-0.05064495211014324,2016-08-14
14,0,0.7013672282675998,-0.11092092851508054,-0.04233942996961865,-0.12429477063487485,-0.12008034827769676,0.3204379653025784,-0.10165644514417294,-0.05064495146830925,2016-08-15
15,0,-0.6101781622250826,3.0890585305415406,-0.04233943007762412,-0.1216561929603328,-0.8449913268792584,1.2440664270840474,0.24899422500104162,-0.05064494468668542,2016-08-16
16,1,-1.262391994570649,0.013881949520295062,-0.04233943010928361,3.9996330697426505,-0.5557406857592424,1.072314148567039,0.11431645274531853,-0.05064495210932357,2016-08-17
17,0,1.5404608057697828,0.03790921147032203,-0.04233943010928361,-0.12428321776589969,-0.8421522725414203,-0.6448543302557757,-0.10165644514417294,-0.05063715437147271,2016-08-18
18,0,0.0125729190313848,1.7805923471386,10.25923452909008,-0.12409494489849707,-0.8448750150123148,0.3560226361083503,-0.10165631027287035,-0.05063612097522401,2016-08-19
19,1,0.8298591221169147,0.09298627421235572,-0.04226928236868476,-0.124293706222244,-0.06084264664402195,1.291458891892126,-0.1001832893306185,-0.05052815032425312,2016-08-20
20,0,-1.108180248090676,0.30834488086033135,-0.04233943010928361,-0.12398660172954534,-0.6177567129713577,-0.06111857044302438,-0.10165543385643604,-0.050644952110142784,2016-08-21
21,0,0.26851977957231554,-0.1402860038385514,-0.042147859192918344,-0.12429477024165918,-0.8370232495306807,-0.15871565901055096,-0.10018651578446146,-0.05031838267175579,2016-08-22
22,1,0.8485761376883403,1.2752552295072248,-0.04233943010928361,1.541382971401339,-0.8297230758324531,0.94376234859919,-0.10165644514417294,-0.0506449515381849,2016-08-23
23,0,-0.5156587083195632,3.697356694751478,-0.042339430109283316,0.10711478655233007,-0.8449903690595293,1.4792329510185027,-0.0994267662468164,-0.04997742795918941,2016-08-24
24,1,-1.050240363713101,0.1453873436840249,-0.04233943010928361,-0.0972694020381058,-0.8240494741337394,0.9424411392320344,-0.10153157829256922,-0.050644107695913695,2016-08-25
25,0,1.7208531226841248,-0.005560855961822292,-0.04233943010928361,-0.09662771596406496,-0.7910302708069298,-0.8661216456186285,-0.10157847103546902,-0.05064495211014324,2016-08-26
26,0,-1.7359327540363283,-0.12353013629787893,8.805469132359477,0.16705552141940505,-0.844991326879155,-0.3062325884580286,-0.10165644514417257,0.040381631016809805,2016-08-27
27,0,-0.2865947473655126,-0.08006270366909604,-0.04233943006456891,0.018098287011432415,-0.8449714769831611,0.23662188525193173,-0.10165644514417294,0.3899175176608081,2016-08-28
28,0,1.0893301541433118,-0.14353694254340368,-0.04233943010928361,-0.12429477150475406,-0.7279446655332992,-0.568619577215983,-0.10165638315212208,-0.05064495211014324,2016-08-29
29,0,-0.22788341114653576,-0.14565839681988502,-0.04233943010928361,-0.12428987011659672,-0.8448595437776915,-1.4456549756461494,-0.09734013710447537,0.09148370882981524,2016-08-30
30,0,-0.5311851319747376,-0.14566031464496407,-0.04233940915739337,-0.12429477150313786,-0.4849825109997902,-0.004715171784803296,-0.10165644514417294,-0.05006740285729744,2016-08-31
0,0,1.0451470580790811,-0.008951753334396906,-0.04233943010928361,-0.12429477150254459,-0.8023074911353879,0.7367082553384181,-0.10165644514417294,-0.05064495211014324,2016-09-01
1,1,-0.3781308620933572,3.232511429380303,-0.04233943010928361,-0.12425069458073015,-0.844991199602345,-0.5155068654091957,-0.1016563227418477,-0.05064493871844447,2016-09-02
2,1,0.5117177768396743,1.1036990206657933,-0.04233905664076174,-0.0423960450237742,-0.7123915064208836,-0.6995352703867321,-0.10165644490643044,-0.05064492184410856,2016-09-03
3,0,-1.0299354703442134,0.9438366131847272,-0.04233943010928361,0.6601630164017834,-0.844991326878912,1.006845569082052,-0.10038948784695684,-0.050636497969677584,2016-09-04
4,0,0.7245837082047046,-0.14565440769925614,-0.04233943010928361,-0.12426187292888777,-0.7859386616574487,-0.400779111794765,-0.10161513956790753,-0.05064495211014324,2016-09-05
5,0,0.45544398539442454,-0.14566031464496407,-0.04233943010928344,-0.12429477150476537,-0.6445741444141959,1.6205071299423217,-0.10165641970735202,-0.04970058161762747,2016-09-06
6,0,-0.509406649865042,-0.1456603093428616,-0.042339422530877746,-0.12429477150450641,-0.8258760537751161,0.23009806650734976,-0.10165644212565969,-0.050583854782375884,2016-09-07
7,0,0.26144557406830415,-0.14555134796085029,-0.042339430109279715,-0.12429477150476537,-0.8449844126454964,0.3206995070003549,-0.10165199763084747,-0.050644951659116845,2016-09-08
8,1,0.506229446509451,-0.14565795549766344,-0.04233943010928361,-0.12429388680405715,-0.8403786031515784,-0.19462610921882684,-0.10165642919407193,-0.05064495211014324,2016-09-09
9,1,-0.5539283403764301,-0.14566029168760602,-0.0423394301092072,0.0779619622098826,-0.6246385555230562,-0.6299308572980857,-0.10165644514417294,-0.00335660386862479,2016-09-10
10,1,0.35040770133593924,-0.018425535016861033,-0.041532938227002714,0.2135624613213925,-0.8448531155194714,0.3628609398037934,-0.10165644514417294,-0.05023990301534488,2016-09-11
11,0,1.5688781453995944,-0.14566031464294593,-0.04233936314617726,-0.12429477148885311,-0.8439324068598297,-0.38253509496119387,-0.10165644514416866,0.006464866243443418,2016-09-12
12,1,-0.29276072840013967,-0.14564418644858423,-0.04233943010928285,-0.07739748953833081,-0.6882092651899812,-0.16193866214342556,-0.10165641827150876,-0.050464828979365745,2016-09-13
13,0,-0.427995246588992,-0.007299658287941629,13.523512411862207,-0.12429477150472905,-0.8449913268715133,0.5823589471319357,-0.10165644514417294,0.04218031034214635,2016-09-14
14,1,1.035925979056529,-0.14566021323106157,-0.04233943010928361,-0.12287996119657248,-0.5406109537656056,1.1805146646619473,-0.09900681319860068,-0.05064495211011208,2016-09-15
15,1,-1.2199749468386614,-0.14562607190729607,-0.042339430092259205,0.05406044521010371,-0.5929890624883036,1.1394008742761805,-0.09920697886183281,-0.05064495149083678,2016-09-16
16,0,-0.6037711692491996,-0.14190194495081326,-0.04233943010928361,-0.12429427574353863,-0.8423713397681819,1.3431888079641698,-0.10165643597478682,-0.05064495211014324,2016-09-17
17,0,0.0845537959916669,-0.14241598598285482,-0.04233942996076874,-0.12056784333428759,-0.01126879447070317,0.3043683430945814,-0.10165644514417294,-0.04968020469965333,2016-09-18
18,1,-0.0017849418396309602,0.4401677880719198,-0.04233943007603464,0.5587311750930445,-0.8433588595399577,-0.46756371860493307,-0.10165644512365829,-0.050644557581569286,2016-09-19
19,1,0.562478199539953,-0.14565170405310646,-0.04233943010928361,0.06332931730374251,-0.8448475377433476,-0.1344753587951839,-0.09554816046235522,-0.05064495211014324,2016-09-20
20,1,1.291594954735885,2.8019410303234755,-0.04233943010928361,-0.08849668174922706,-0.8449908216649281,1.9394867419302777,-0.08460155747541163,-0.05062001090607605,2016-09-21
21,0,-0.9131083474730843,-0.07444343314510311,-0.04233943010928361,0.6912777132358733,-0.8363927986527664,1.169723016109879,-0.09079280726814895,-0.05064495211014324,2016-09-22
22,0,-0.2472012440135387,-0.14257962423348103,-0.04233943010928361,-0.12429477149070461,-0.8449913268048708,-0.33774742616744513,-0.10165011080481813,-0.05064495211014324,2016-09-23
23,1,0.896901226273414,-0.1456603146448816,-0.04233943010928361,-0.12429477150476537,-0.8449855383789715,1.4270037981530024,-0.10165644428014936,-0.05064495011666163,2016-09-24
24,1,-0.012663042382442313,-0.1455935078436831,-0.04233943010928361,-0.09999183565862708,-0.29546865393164023,-0.573878235707264,1.6227891380216992,-0.05064495211014324,2016-09-25
25,0,0.3994854670634851,0.21643988155096283,0.011715223545627124,-0.12429477150475934,-0.8159716056544299,0.22965382825836134,-0.10165248502954446,-0.05057072622249366,2016-09-26
26,1,1.560823923421566,-0.09335972155405572,17.982441603430665,-0.12429477150472344,-0.8448959806092635,0.8471259223712666,-0.09633303627043248,-0.050644937672866173,2016-09-27
27,1,0.5246907347072636,-0.140751330533825,-0.04233943010928361,-0.12429466359561632,-0.8449450864206564,-1.0833101354191594,-0.1013357023124762,-0.05064495211014324,2016-09-28
28,0,0.38029212044558847,-0.14539492230212195,-0.04233943010928361,-0.12429477150476445,-0.8449911520244061,0.8847197540162393,-0.0972379886315334,-0.05064495211014324,2016-09-29
29,0,-0.031974943996971206,-0.14565788840360536,-0.04232382917716137,-0.11932335357496722,0.0891025147557637,-0.7328879161205593,-0.10165644514417294,-0.05058464374679583,2016-09-30
0,0,-0.5115430681129993,-0.145659835052889,-0.04233943010928361,-0.12429477150476537,-0.2487592584404822,-1.171548509227891,-0.10165644514417294,-0.05064495211014324,2016-10-01
1,0,-0.4042163377239518,-0.1453074060340852,-0.04233943010928361,-0.12429477148180429,-0.8449829782621431,-0.7146421296465633,-0.10165644514417294,-0.05064170807798367,2016-10-02
2,0,0.24558863337421144,1.6294806894246898,-0.04233943010928361,-0.12398498809813646,-0.8449913260470617,1.0561710233609043,-0.10165644514052569,-0.05064495211014307,2016-10-03
3,0,-0.6724240849405305,-0.14566031436311142,-0.04233789278216237,-0.12401246609093111,-0.17985398954765586,0.2734727938182546,-0.10165644513957661,-0.05064495211004253,2016-10-04
4,1,-0.5265722115993299,-0.14114492294360215,-0.04233943010928361,-0.12429452132395641,-0.8430434690101298,0.7246063423948721,0.32081048090102604,-0.05064495211014324,2016-10-05
5,0,-0.20249381428861568,-0.14566031464496063,-0.04233943010928361,-0.12429477106681573,-0.7099145772010589,0.7376778007324729,-0.10165644514417294,-0.05064495211014324,2016-10-06
6,0,-0.010584231092607865,2.687188013908924,-0.04233943010928361,-0.009111072370809117,-0.8039716288046481,-1.071891217461454,0.13731734181668748,-0.05064495211014324,2016-10-07
7,0,1.2275400739875835,-0.14135997008720094,-0.04233943010928361,-0.11419924771180798,-0.8449886310565935,1.0442737298240852,-0.10165644514417294,-0.050644952110066976,2016-10-08
8,0,0.04077030632703327,-0.14566031464496407,0.9190733628174262,-0.12429477150476537,-0.844981382295319,-0.04359095155164816,-0.10165644504257566,1.1054187551161123,2016-10-09
9,0,0.2914412492412879,-0.14565963859958822,-0.04233943010928361,-0.1109858506793221,-0.844988869837222,0.2367731788394858,-0.10165194270688341,-0.05064492793383833,2016-10-10
10,0,-0.15674109404498893,0.10362810071056894,-0.04233943010928361,-0.12409542230217602,-0.45943574830996964,-0.15843808414201233,-0.10165644514417074,-0.048694759932590224,2016-10-11
11,0,1.1162836774579148,-0.14566001001543413,-0.0423394301091356,-0.12429477150476531,-0.7144328603694854,0.6861787183857242,-0.10163130719509943,-0.05064495211014324,2016-10-12
12,0,0.023842252722559465,-0.12419289986912248,-0.04233943010928361,-0.124291024114823,-0.8442103427320642,0.27378880799072736,0.5581854981709776,-0.05064424528694405,2016-10-13
13,0,-0.886002607427443,1.2777661037717305,-0.04233943010928361,-0.08222111264942744,-0.8261786529885577,0.2900548316749614,-0.10163345400070337,-0.050644952110137545,2016-10-14
14,0,0.7068309750571444,-0.14555561661371025,-0.04233943010928361,0.9000651106317937,0.17429720946649263,0.4350109820432708,-0.10149455017108132,-0.05064495211014324,2016-10-15
15,0,-1.4497313821858455,-0.14566031464496407,-0.0421698110143522,-0.12424418484685226,-0.8320445637523574,-0.3378124546509107,-0.10165618817414873,-0.05064397817681011,2016-10-16
16,0,0.4641731167935603,-0.1454879813406111,-0.04233943010928361,-0.12429477150476537,-0.5438629141147052,-0.8549759752155697,-0.10165644513822858,-0.05064495210911131,2016-10-17
17,0,0.523545665527223,-0.1456602345911431,-0.04233943010928361,-0.12429477150469431,-0.7237105869840285,-0.1409591882349357,-0.10071218339371947,-0.050644952110140216,2016-10-18
18,1,1.2609041233437637,-0.1456603146449015,-0.04233943010928361,-0.12429476778433389,-0.5873539678522741,0.03398613700831543,-0.10165644376136794,-0.05064495208909136,2016-10-19
19,1,-1.7359327540363283,-0.14346112031011468,-0.0423394301092836,-0.12429462170432326,-0.7981183063359906,-0.002726180884707219,-0.10137747126406384,-0.049384902919845375,2016-10-20
20,0,-1.7359327540363283,-0.14566031464305768,-0.04233943010928361,-0.12429477150475239,-0.8380420413793058,0.5226872716047062,2.55002347177501,-0.050644952108064065,2016-10-21
21,0,-0.8553621514401044,-0.14566031107846789,-0.04233943002518186,-0.12428993375618011,-0.8449901311839819,-0.3262352607584602,-0.1016564451364935,-0.05043748754431714,2016-10-22
22,0,1.3303208058416658,-0.14566017028783212,-0.042339429860414744,-0.12276538570983948,-0.6872956029120493,0.898397263841404,-0.10165644514417294,-0.050644952110141445,2016-10-23
23,0,0.4982309263194935,-0.13828483945806566,-0.04233943010928361,-0.12428037546763787,-0.8372335485725777,1.3905764623220493,-0.10165644406715596,-0.05064495211014324,2016-10-24
24,0,-1.2824451374239203,0.4418903192014899,-0.042339399021136134,-0.12429477079841171,-0.8449911838003575,-1.139086936829571,-0.10165644514417294,-0.05058621533314034,2016-10-25
25,0,-1.2104870292131693,0.03320526007955296,-0.04233943010928361,-0.12429477057764884,-0.8449875906889052,0.2160727773872182,-0.10165644514417294,-0.0506183663683837,2016-10-26
26,0,-0.21625446745392196,-0.13161427919537955,-0.04233943010928361,-0.09854420108712017,-0.8428162299114684,0.4344881505747642,-0.10165501312580796,0.16069050508840785,2016-10-27
27,1,-0.2581838213217509,-0.14218503180015554,-0.04233943010928361,-0.12429477149188992,-0.8449449148013077,2.3165100318470495,-0.10159899217945388,-0.0506449521101358,2016-10-28
28,0,-1.7359327540363283,-0.14293796668516315,-0.04233943010928361,-0.12428942905570238,3.3108316217940312,-0.44823706878192127,0.4308862943398022,-0.05064495059931835,2016-10-29
29,0,0.06712547337271246,-0.14565258708179207,-0.04187051927323066,-0.12429477150476498,-0.7336248175307125,0.033660131791064085,-0.10165644514417291,-0.050644952032479915,2016-10-30
30,0,-1.7359327540363283,-0.1456603146430579,-0.025867896591341432,-0.12429473294213295,-0.5875538356001491,-0.015733008004632065,-0.10165643960464905,-0.05064495211014316,2016-10-31
0,0,0.04313964710154039,-0.14367052135997235,-0.04233943010928361,-0.12429477150476537,-0.5314750974323402,0.8295583123983858,1.0395672364796016,-0.05064495211013085,2016-11-01
1,0,-0.5806238641296773,-0.1456473182336212,-0.04233940835194192,-0.12358965015504123,-0.8449878666590324,0.1418449894842979,-0.10165623418942726,-0.050353943314621306,2016-11-02
2,0,-0.2714500058635849,-0.14512539473094752,-0.04233943010928361,-0.1240545413741009,-0.8449870967121434,-0.018840272904917743,-0.10165644514417294,-0.05056459225206655,2016-11-03
3,0,-0.1316308018315766,-0.10175580218155615,-0.0423394301089974,-0.12410979827707096,-0.8448569828533466,0.8811599154649192,-0.10165644514417294,-0.050634001337528045,2016-11-04
4,0,0.0575168757291209,-0.06718960925162488,-0.042339430109168075,-0.12419992607138258,-0.8429092157984015,0.9699358523016421,-0.10164648862907845,-0.05064495211014324,2016-11-05
5,1,0.32058111585695315,-0.13146824825639586,33.73971386591999,3.3203101573848284,0.27973528314329454,-0.19651284356925025,-0.10165639428813948,-0.047902336657996036,2016-11-06
6,0,0.821588721847732,-0.1278408532346876,-0.042339430109283455,-0.12429365877619164,-0.5074704223896782,0.2197784341568152,-0.10165644514417294,0.09370563860154615,2016-11-07
7,0,1.7208531226841248,-0.14566031464496407,-0.04233943010928361,-0.12429465123583466,-0.5056629679776277,1.4593067662363524,-0.10165643953231703,-0.05064495196473254,2016-11-08
8,0,-1.2965125960784718,-0.14565863993222578,-0.0423078824601237,-0.03326831885006577,-0.2858240935495222,-0.7445829282105279,-0.092738534607105,-0.05064012020817306,2016-11-09
9,0,0.2731491389025962,-0.019582617046467743,-0.04233943005563547,0.2473180938378004,-0.298326149518528,0.023002405234494372,-0.10165644514071309,0.007387991058017365,2016-11-10
10,0,0.4254526501239866,-0.1456584985377582,0.1047381718545729,-0.11989113989308224,-0.8449912682368065,1.0893365962888453,-0.10165644514417294,-0.05064495211011701,2016-11-11
11,0,-1.2561937841103372,-0.12624231956400336,-0.042018734277496715,0.16093300013895806,-0.5539932589696654,-0.2299446570851793,-0.10165631212138626,-0.04771135040322145,2016-11-12
12,0,0.8859066417166872,-0.14564440046594418,-0.04233936930183232,-0.12429062670479227,-0.7520920339524756,-0.2303555563684614,-0.10165644512493818,-0.05064495211013677,2016-11-13
13,1,-1.7359327540363283,0.03952186963345464,-0.04233943010928361,2.58543678732936,-0.5764266327766905,-0.11512904187923656,1.633632278508381,-0.050644952098366294,2016-11-14
14,0,0.25663095800223346,0.12653252390697234,-0.04233943010928361,-0.12424776812144321,-0.8449801965586011,0.823299332568272,-0.10165435488602646,0.04646693005474983,2016-11-15
15,0,-1.7359327540363283,-0.14564955366885346,1.2297067591051563,-0.12429477150033497,-0.8246454916175602,0.25931126495075674,-0.10165607378713823,-0.05011974884910651,2016-11-16
16,0,0.22916511780266546,-0.1456602236115932,-0.04233943010928361,-0.12429477150476537,-0.8428204057222634,0.6846229541726929,-0.10165644514417294,0.0155730349376553,2016-11-17
17,0,0.8992394030964022,-0.11845370782345276,5.976904136710262,-0.12429470032489318,-0.8296819351744511,-0.07082766069944713,-0.10165644514417291,-0.05064484265574695,2016-11-18
18,0,1.7208531226841248,-0.14566031464496407,2.6301701510142546,-0.12429477150476537,-0.8449625490652537,-0.8036658906865615,-0.10165644514417294,-0.05006041780018454,2016-11-19
19,1,1.7208531226841248,-0.14566031464174137,-0.04233943010928361,-0.1213499100782586,-0.7745637695989936,1.493655096041791,-0.10165644514417294,-0.04143124025225107,2016-11-20
20,0,-0.2984184208156364,-0.1455983891891654,-0.04230491386093691,-0.1242947715045717,-0.17721214635909044,1.1951122444332674,-0.10165643606187796,-0.04986130632632903,2016-11-21
21,0,-0.1491789409913622,-0.12954016320047002,-0.04233313549407133,-0.12429476880039429,-0.7924536948219495,0.9716860130473775,-0.101606905078475,-0.050608449502641,2016-11-22
22,0,0.023433514812907674,-0.1456602889842605,-0.04233943010928361,-0.1242945572812301,-0.8449912759393844,0.8914971564643741,0.05780184346812968,-0.05064495008384439,2016-11-23
23,0,-0.20421878238575175,-0.13771004914299445,-0.04233943010928361,-0.12106010604054322,-0.8265161891079787,1.2093588755529856,-0.09787130872993997,-0.05064442983297121,2016-11-24
24,1,0.19177949395609062,0.12154412103549783,-0.04233942699982127,1.2330022448546802,-0.8417910530676408,0.365030038857153,-0.1016534529830979,-0.04992447544045021,2016-11-25
25,1,-1.5484725610625247,-0.05906941554012872,-0.042338834908783894,-0.12429473104343819,-0.8213246185224978,0.14127278816723,-0.10165644514415272,-0.050642959419389656,2016-11-26
26,0,0.6880331783397082,-0.01731765526353804,-0.042339210740880734,0.39092748690914475,-0.8447102027436131,0.19029817599110288,-0.10165644514417294,-0.05063741893727432,2016-11-27
27,0,0.2698022853344213,10.67407525862864,-0.04233943010928361,-0.12428996347288454,-0.8429505278646839,1.6817920582049064,0.011408244010485596,-0.05064301934360311,2016-11-28
28,0,0.5002584679373996,-0.1456603146447586,-0.04105533473557984,-0.12429477150473564,-0.5140354284024635,-0.7534037036175283,-0.10165644514417294,-0.05064495163449203,2016-11-29
29,1,0.8557014373864007,-0.14565183656179362,-0.04233943010928361,-0.12377959132939556,1.5378732655667324,0.07433676422231095,-0.1016533851212612,-0.05064495210841195,2016-11-30
0,0,-0.24622099660241759,-0.14566031464356335,-0.04233943010928361,-0.12429477150475171,-0.7691394443346257,-0.09947116748848739,0.6212965301238993,-0.05064495211014324,2016-12-01
1,0,-1.1373199186059963,-0.14565951698829802,-0.04233943010928361,-0.12110728725503915,0.3935050629504534,-0.816241275282152,-0.10165644514417294,-0.05064495211014324,2016-12-02
2,1,1.7208531226841248,-0.12808693011498767,-0.04233943010928361,-0.12429477148545892,-0.8414305922585877,0.31913754035425423,-0.10165644514415477,-0.05064495211014297,2016-12-03
3,0,-0.261338938689633,-0.14458579164121904,-0.04228032785571633,0.14907912555393005,-0.8427797222594908,-0.5878227375707281,-0.10161173349324773,-0.05064495211007775,2016-12-04
4,1,-0.632999345722439,-0.053702898273029195,-0.04233943010928361,0.35289161834567906,0.7928039969490362,-0.38616799303054705,3.863580121175741,0.09649201220986439,2016-12-05
5,0,0.6279489346337925,-0.14566031464496407,-0.04233943010928361,-0.12429476577686031,0.058605160494299424,-0.9179208580457137,-0.10165644514417294,-0.05064495211014324,2016-12-06
6,1,-1.6480567435905158,-0.04232788141599177,-0.04233943010928361,-0.08850024936436643,-0.8432225038485412,0.7168635579586962,-0.10165548354080164,-0.050644671617548494,2016-12-07
7,0,1.3948978295476593,-0.1411441340148839,-0.0423394301092836,-0.12429475801251869,-0.8385442630381368,-1.230060205598177,-0.10165644514417294,-0.05064495211014324,2016-12-08
8,0,1.7208531226841248,-0.023552462384310552,-0.04039437058308379,-0.12428371412132883,-0.09887529629772696,0.6353215522375129,-0.10165644431940436,0.15705709053852357,2016-12-09
9,0,0.04275763267177979,0.15044918240173538,-0.04233943010928361,-0.11016736106765286,-0.835072314022996,0.3204085295966319,0.06182271233229021,-0.05064495210949447,2016-12-10
10,1,0.34203509142461996,-0.14564475705300142,-0.042339430109283545,-0.12429477150420504,0.39235703945034894,0.9123223621720395,-0.10152707949248711,-0.045990524015195086,2016-12-11
11,0,-0.2823392297634655,-0.14565991612390916,-0.04233943010928361,-0.1242947715046698,-0.7808957963416007,0.5113174298967209,-0.10165644511052478,-0.05064495211014324,2016-12-12
12,0,0.37595892301331446,-0.1456603092245867,-0.042338887156206935,-0.12428992438512551,-0.8441978512960839,-0.5138254482146016,-0.07670371246568974,-0.04634671892551536,2016-12-13
13,0,-1.7359327540363283,-0.14565805514288646,-0.04233943010928361,-0.12429477150476537,-0.13715672116054245,-0.41797652686964204,-0.10165644514417294,-0.016772836195035952,2016-12-14
14,0,1.0570606257237216,-0.1456468366974937,-0.04233943010928361,-0.1242947715046871,-0.8143061095235471,1.4584977538014279,-0.10165563813355726,-0.05064495211014324,2016-12-15
15,1,0.37383640532812024,-0.10655986260362132,-0.042339430108746606,0.6436138189012085,-0.7983116359956383,-0.16926346835560047,1.7525399197395184,-0.05064495211014324,2016-12-16
16,0,-1.7359327540363283,0.028039971084072246,-0.04233943010928361,-0.018658319360925074,-0.7983284632119384,1.155390657724185,-0.1016533931657023,-0.05058053714152134,2016-12-17
17,0,0.5887467805246871,-0.14550838086343676,-0.04233943010928361,-0.12428928129929019,-0.8394660067342175,1.0081293586098345,-0.10165644514417294,0.21590068765013942,2016-12-18
18,1,0.08695114067442944,-0.1456603111867193,-0.04233943010928361,-0.12427821573448218,-0.19356250393068108,-0.9671598449869423,-0.10165644514372583,-0.05064495211014294,2016-12-19
19,0,0.2969696251761036,-0.14566031464163107,-0.04233182228733389,-0.12429477081450231,-0.8352660242247226,-0.8788124225906548,-0.10165644514417294,0.38214901131465717,2016-12-20
20,1,1.599803576426936,-0.14566031464496407,-0.042339430109276315,-0.12429477150476537,-0.7241798087946857,0.6801294873576396,-0.10165644514415138,-0.047845617046656914,2016-12-21
21,0,1.3297807369024213,-0.13349464586123283,-0.04233412445443573,-0.11386141469587471,-0.8449911671635002,0.24308450551355065,0.7066410675749558,0.05857692354159351,2016-12-22
22,0,0.5432620391549676,-0.1357070538946984,-0.04233943010928361,-0.12247412947782435,-0.8448994969919823,-0.13520380442286406,-0.10165644514417294,-0.05064495145434813,2016-12-23
23,0,-0.4005533654536748,-0.14566031464496407,-0.04233781882858649,-0.11816690505824792,-0.7371383640365065,-0.35792634399305046,-0.10165619538319558,0.017593168423947148,2016-12-24
24,0,-1.7359327540363283,0.6151270950903928,-0.04233943010928361,1.4161436491653916,-0.8436233070116063,-0.7553534144239209,-0.08765630773099367,-0.05064495003848322,2016-12-25
25,0,1.7208531226841248,-0.02601648736989269,12.199954271792722,0.5802466416016915,-0.2542315537128714,1.4193037794407113,-0.09944617411299062,-0.05033331143735694,2016-12-26
26,0,0.4524157547706693,-0.14561678547845003,-0.030115368341481527,-0.12429354311771282,-0.8174367572742376,0.1946894452925907,-0.1016564451434593,-0.05064494990544723,2016-12-27
27,0,1.1216921554576373,-0.023217045039553866,-0.042272803165746005,-0.08583069726183257,-0.7597823192903416,1.3349863758835463,-0.10165644513209324,-0.05064495211014324,2016-12-28
28,1,-1.0601878095990713,2.0299988182468045,-0.04233943010928361,0.07942981309173393,-0.8446597616233427,1.2299003182830308,-0.08509194485170005,-0.05064495211014324,2016-12-29
29,0,1.7208531226841248,-0.14566031376413519,-0.04233943010927952,1.594137518173059,0.07243708650609582,-1.1920174010547497,-0.10145720882213874,-0.05064495211011263,2016-12-30
30,0,-1.7359327540363283,0.045896698775404254,-0.04233943010928361,1.3534810836997433,-0.8095539657016839,0.5921817168488221,-0.10080648136409769,-0.050644952108360626,2016-12-31
