,failure,metric1,metric2,metric3,metric4,metric5,metric6,metric7,metric9,date,activedays,month,week_day
0,0,-1.1989696978496625,1.186175249534064,-0.04233943010928361,-0.12429464818778133,-0.8090147981539044,-0.7087211540978315,-0.10165644513295537,-0.050062199275119595,2015-01-01,0,1,3
1,1,1.7208531226841248,0.06064719986996797,-0.04233943010928361,1.0455826140784017,-0.7778513645348466,0.6604440063553945,1.2875530665902757,-0.05064495133690979,2015-01-02,1,1,4
2,1,1.3113060318552243,3.477940289628845,-0.042304324566058184,-0.069260303008638,-0.8446496700652368,0.4736812245227684,2.8831242122325795,-0.05064494931837075,2015-01-03,2,1,5
3,0,-0.684862346242781,-0.1456602780115776,-0.04233373228861928,-0.12429477139841104,-0.8438486500264122,-0.47339662979102926,-0.10165644514417294,-0.04992336825702606,2015-01-04,3,1,6
4,1,-1.7359327540363283,0.04532264285031762,-0.0423394297870978,3.867599238113948,-0.8424773456554645,-0.4420494487441191,-0.10165641743182374,0.35597805779444264,2015-01-05,4,1,7
5,0,0.4914874565003373,-0.12082665542296375,-0.011751981792048016,-0.12429300592543739,-0.3875533565855754,-0.5058855051051019,-0.10165644514417294,-0.050641033782667044,2015-01-06,5,1,1
6,0,0.6945179920262348,-0.14327247546978839,-0.04233943010928361,-0.12429477150474368,-0.8326179925131163,-0.9521014308173514,-0.10165644514417252,-0.05064495211014324,2015-01-07,6,1,2
7,0,-0.4953942602124499,-0.14245745211907665,-0.03628587885644115,-0.1242732443413704,-0.8224959720340691,0.46366786288198103,2.7349857669888804,-0.05064495208794691,2015-01-08,7,1,3
8,0,0.04332739341724334,-0.08335869528995418,-0.04233943010928361,-0.1121680519184245,-0.17249551620507797,0.14237393726684555,-0.10165644514409601,-0.05064495211014324,2015-01-09,8,1,4
9,0,-1.4560736590738799,-0.14566031464457296,-0.04233943010928361,-0.12428926888706959,-0.6030346783375207,0.3536530976957497,-0.10165644514417294,-0.050644950550770056,2015-01-10,9,1,5
10,1,1.0689727915189735,-0.14357175233301894,9.065402843344348,-0.12429474110696302,-0.7029529791614277,-0.43229605278848693,-0.10158220587183463,-0.0506449521101099,2015-01-11,10,1,6
11,0,-0.6068112976456064,1.2522507689567108,-0.04233943010928361,-0.12335545624043895,-0.8449905917472577,0.4241906177942134,-0.09823304557987082,-0.05064495211014324,2015-01-12,11,1,7
12,0,-1.610259677083036,-0.14563429154963706,-0.04233943010928361,-0.12429433268413966,-0.8356172415235725,-0.009006174101366948,-0.10165644514417294,-0.05064495210966201,2015-01-13,12,1,1
13,0,-0.7437245157141348,-0.12099368528122258,-0.04233943010928361,-0.11229770147744797,-0.7778115326654704,-0.17591008898593508,-0.10165644513805958,-0.05064456869903772,2015-01-14,13,1,2
14,0,-1.0160691105465816,-0.14566031464496407,-0.04233943010928361,-0.12429477150476537,-0.8413780511678949,0.30046590196822454,-0.10165644514417294,-0.05049777399311211,2015-01-15,14,1,3
15,0,0.918152290878794,0.5977869747546776,2.178025060290094,-0.12429477150476537,-0.8449890502559101,0.10110357517953128,-0.10165644514417294,-0.050082850017751146,2015-01-16,15,1,4
16,1,-0.005701313289975474,8.377750201401584,-0.04233943010928361,0.6374100763608376,-0.8371001058412878,1.278198230368015,-0.10165561641734779,-0.05064495211014324,2015-01-17,16,1,5
17,0,-1.1500148221622055,-0.14566031464496407,-0.04233943010928361,-0.12429476889817835,-0.8444641853642559,-1.2249477596667622,-0.10165644514417294,-0.05064495211013984,2015-01-18,17,1,6
18,1,0.09121776599857867,-0.12748043607443224,-0.04233943010928361,-0.12429130493976552,-0.8445872279639248,0.20745609317349434,-0.10144776494775347,-0.050644853716036414,2015-01-19,18,1,7
19,1,-1.7359327540363283,0.03156261618038256,-0.04233887860726398,-0.12429477103191812,-0.6657532466874192,-0.4099127629369246,-0.10165644514417294,-0.05064495211014324,2015-01-20,19,1,1
20,0,-0.43339020111149296,10.67407525862864,-0.02690451073111501,6.741083121985135,-0.8440983728705871,1.1828927590838036,-0.051134930126141204,0.20498109694154926,2015-01-21,20,1,2
21,0,-0.7736567456007748,-0.14350589795357618,-0.04233943010928361,-0.12429469124989735,-0.844987372478374,0.09540184976835642,-0.10165644514417294,-0.05064495211014324,2015-01-22,21,1,3
22,0,0.9943412626111154,-0.10598249319690439,-0.04233943010928357,-0.04790686229799512,-0.42662725049395445,-1.0404034494979926,-0.10158377609597806,-0.05064495211014324,2015-01-23,22,1,4
23,0,0.2249108618285618,-0.14566031415692945,-0.04233943010925849,0.09737608207650468,-0.6419836159801099,-0.38156486969826187,-0.10165640864343457,-0.05064495211013366,2015-01-24,23,1,5
24,0,-0.4259247789490104,-0.13796219958122724,-0.04233942971127718,-0.1045698712209063,-0.8449502386880855,0.43398397991406057,-0.10164809372487563,-0.05064134706558034,2015-01-25,24,1,6
25,0,0.6628874184501115,-0.1452819622541384,-0.04233943010928361,-0.1242947715042646,-0.8449740325476274,-0.45324600015021943,0.5340110535226271,-0.05064495210090035,2015-01-26,25,1,7
26,0,-1.7359327540363283,-0.14566031464496407,-0.04233943010928361,-0.10311888440785734,-0.7017890084341456,-1.1728463656642214,-0.10165644514417294,-0.05064495211014324,2015-01-27,26,1,1
27,1,1.2982906022771346,-0.0013108809802080401,0.04508935608191513,4.462745629511787,-0.6473597136633739,-0.2922606285630036,-0.10146506914111193,-0.05064495211014162,2015-01-28,27,1,2
28,1,0.30138002639570516,-0.060042068440363916,-0.04233932253767947,-0.12423267210015593,-0.8449913227734119,0.7335864197730162,-0.10165128061352849,-0.0034546459923028433,2015-01-29,28,1,3
29,1,0.9365870577052533,0.07603425175773379,-0.04233942990434184,6.216938167532173,-0.2730143389735419,-0.11037173999408001,0.4458517992643144,-0.05064495211014324,2015-01-30,29,1,4
30,0,-0.7859800665077898,-0.14566029283878348,-0.04233943010928361,-0.12429477143519904,-0.7995680828640025,0.3445407352588248,-0.10164817199387718,-0.05064495211014324,2015-01-31,30,1,5
0,0,-0.5870171172852565,-0.14566031460453968,-0.04233938480842702,-0.12381052583921998,-0.8310261654815799,1.0448500219195989,-0.10165644511797059,0.22410111930369014,2015-02-01,31,2,6
1,0,0.15563935690286712,-0.14222720028476632,-0.042339430109281526,-0.12313001188237471,-0.8303291201165629,-1.9348340532034025,-0.10165644514417155,-0.050640295969359886,2015-02-02,32,2,7
2,0,1.6673634232296308,-0.1444057770383214,-0.04233943010928361,-0.12429477150476537,-0.811933793827798,0.01812142162905106,-0.002665950655501542,-0.05064495211014324,2015-02-03,33,2,1
3,0,-0.2999453932262526,0.40345175964627766,0.9347647581555565,0.15358304115798393,-0.8429864876776918,1.2541971205119022,-0.10165631677337782,-0.05036799791340157,2015-02-04,34,2,2
4,0,0.45676559357536917,-0.13745855914143743,-0.04233943010928361,-0.12417168729891813,2.1003929896630082,-0.7412722050222227,-0.10165644514417294,-0.0506449521099488,2015-02-05,35,2,3
5,0,1.262224810720923,-0.14563810845316144,-0.04233943010928361,-0.12429477150476434,-0.8449604500045454,-0.37657621434132693,-0.10165644393157891,-0.05064491261323334,2015-02-06,36,2,4
6,0,-1.7173894361145159,0.5644101543128021,-0.04233943010928361,-0.05389084375156557,-0.8445798257339431,-0.22902874991706756,-0.09951457281891352,-0.05064495211014324,2015-02-07,37,2,5
7,0,-1.4524396553848504,-0.03028699333652006,-0.04233943010928361,-0.12345477538296387,-0.7056789972526438,0.5607428055535575,-0.10165638841364749,-0.05064495211014324,2015-02-08,38,2,6
8,0,-0.16739577230723057,-0.11629344447640338,-0.04233943010928361,-0.12429301692625722,-0.8449829107007153,0.6105563605626507,-0.10165644514301472,-0.05064495211014324,2015-02-09,39,2,7
9,1,1.1964049851952012,-0.14566031464479806,-0.04233943010928361,-0.12416723642260531,0.05013658931185205,0.612295770515173,-0.03280201811987565,-0.05064495211014324,2015-02-10,40,2,1
10,0,1.7208531226841248,-0.1456549604565576,-0.03496773985028664,-0.12429477150476537,3.829086112474974,0.5463231665438917,-0.10165512219489047,-0.050644952109528255,2015-02-11,41,2,2
11,0,0.6555855674949242,-0.14563655736024572,-0.042338355356487695,-0.08484251968313553,-0.8449277420432316,0.14084274839713196,0.06565531164323708,-0.04641217090818336,2015-02-12,42,2,3
12,0,0.2785483734506329,-0.14566031464488627,-0.04233943010928361,-0.12429174314589084,-0.5988473792086506,0.4930896400923048,-0.10165644514417294,-0.050644920473373725,2015-02-13,43,2,4
13,0,0.3164103609837099,-0.14254987534093333,12.996944267828841,-0.12391512176276465,-0.7539351103273368,0.1138603408034724,-0.10165644463871042,0.0063880498256866855,2015-02-14,44,2,5
14,1,-0.026044088653094377,0.8824218333400043,-0.042339426779576854,-0.11516035858473347,-0.3504686834272411,-0.05277634023845312,-0.10163187556137422,-0.05064495177760683,2015-02-15,45,2,6
15,0,-0.4808645696236056,0.5554080476828368,-0.04233943010928361,0.585482207390388,0.45851464517926865,-0.8051808887868002,-0.10075900418138373,-0.05064495211005079,2015-02-16,46,2,7
16,1,0.5841349687872679,-0.14565641555833428,-0.04233943010928361,-0.12429477150476535,-0.8449893260343937,-0.4927161681817118,-0.10165644514417271,-0.05064490084156837,2015-02-17,47,2,1
17,0,1.230698691638196,-0.14565621647923396,-0.04233943010928361,-0.11498540395751584,-0.844830509338144,-0.4219120545160009,0.3149143170193975,-0.05064495211014324,2015-02-18,48,2,2
18,1,-0.6271563849594202,-0.14565815982429592,-0.04233943010928361,-0.1214235109025255,0.9175635991519199,-0.5510543709499944,-0.10165643940981547,-0.05064366444156322,2015-02-19,49,2,3
19,0,-1.7359327540363283,-0.14566031462014908,-0.04233943010928361,-0.12429474588318466,-0.8366887595077598,0.016189107656157997,-0.10165644514417294,-0.05064397439195844,2015-02-20,50,2,4
20,0,-1.0141612894733925,1.2996888511978506,-0.04210629347165755,-0.1242947715047574,-0.8442113482363224,0.8106222877805989,-0.10165644514417294,-0.050576047513966375,2015-02-21,51,2,5
21,0,1.0251587199544474,-0.1445137307745204,-0.04233943010928361,-0.12429457396495744,0.5096810422798815,-0.9551380057637271,-0.1016564425358354,-0.03490687111747813,2015-02-22,52,2,6
22,1,0.3263048880836408,-0.14566031169319843,-0.04233943010928361,-0.11490142467111103,-0.7672262769388306,-0.7010007507352465,-0.10138369403673908,-0.05064495211014324,2015-02-23,53,2,7
23,0,0.764234359406899,-0.14565950428467278,-0.042338467959970934,-0.12388354901598449,-0.39109010299105534,0.8975861764525446,-0.10165644514417294,-0.05064495210998717,2015-02-24,54,2,1
24,0,-0.597820111236743,0.0002283090337549809,-0.042337103916843526,0.9770641920588031,-0.8446100212021536,-0.49860541147832693,-0.08654677417268027,-0.050644952110134464,2015-02-25,55,2,2
25,0,-1.2185697386653231,-0.14563264938462236,-0.04233943010928361,-0.12429476987204463,-0.8410350760944905,1.3468991219070015,-0.10165644514330031,-0.050255869525494164,2015-02-26,56,2,3
26,0,0.16099155753047967,-0.14565877545037167,-0.04233943010928361,-0.12429472418992007,-0.8447175827402379,0.6907135589551707,-0.10164706299634789,-0.03070673646534927,2015-02-27,57,2,4
27,0,0.8796611689334384,-0.14566031464496407,-0.04233943010928361,-0.12429477150476537,-0.8420890315889837,-1.000388093552452,-0.1016531408422092,-0.05064495211014324,2015-02-28,58,2,5
0,0,0.693936424216858,-0.13200200164151144,-0.04233943010928361,-0.11752889410153458,0.5216260009693169,-0.45623880813484474,-0.10165644514417294,-0.05064495210787097,2015-03-01,59,3,6
1,0,1.5793791498562655,-0.1456523262020312,-0.0423394301092836,-0.12429477149636191,-0.7754027072116185,0.09519782163926305,0.0467607824100406,-0.050644952099311455,2015-03-02,60,3,7
2,0,-0.3280201347270548,-0.06299516007955747,-0.04231529958000857,-0.12428341635712495,-0.844987127302085,0.020190723408091138,0.9144854452051411,-0.05064495171125959,2015-03-03,61,3,1
3,0,-0.5903628560459708,-0.1453792138200076,-0.04233943010928361,-0.12429276062064959,-0.8389392289708921,-0.6277651150490242,-0.10165263184844214,-0.05063106252702533,2015-03-04,62,3,2
4,0,-0.8807619074942465,-0.14566031451402295,-0.04233813068653623,-0.10518718908391203,0.34171133482323934,-0.014375807004409769,-0.10165644509139204,0.29583955995185524,2015-03-05,63,3,3
5,0,0.6945191709599214,2.9351108486404973,-0.042339422162213855,-0.1242931818366199,-0.8449906668827823,0.3400296056116918,-0.09054617674373955,-0.050639977736277784,2015-03-06,64,3,4
6,0,-1.134262190226437,-0.14566031272695956,-0.04233943010928361,-0.12429477150476412,-0.5057336110982522,0.18124340967032193,-0.1016563515187717,-0.05064495211014324,2015-03-07,65,3,5
7,0,-1.2562526158089184,-0.14566031464496407,-0.0423307153214526,-0.12429477150476537,-0.8350248526007873,-0.14888501880741778,-0.10165644514417294,1.1330237395972127,2015-03-08,66,3,6
8,0,0.2304276381774315,-0.14566031463600287,-0.04233942996939516,0.22855619145828704,-0.8190379107246657,-0.25048835624583266,-0.10165644514417294,-0.05064495211014324,2015-03-09,67,3,7
9,0,-0.46151116361700417,0.29722847690578535,-0.04233943010928361,-0.12429477150476353,-0.7804253259942956,0.5419533715760911,-0.10165644514417294,-0.02217130948723806,2015-03-10,68,3,1
10,0,-0.092458709695876,0.1243550514950143,-0.04233943010928361,-0.11972974383296724,-0.7649805928253126,0.29433041262725723,-0.10165644514417294,-0.05054056684546132,2015-03-11,69,3,2
11,0,0.51454123103548,-0.1456603146402471,-0.04233943010928359,-0.12429477150476512,-0.8449910097081561,0.49138901419666325,-0.10165644514417294,-0.050644952109920836,2015-03-12,70,3,3
12,1,1.3887323576078643,-0.02949431133047342,-0.04233943010928361,1.7447564707822052,-0.4605134776846544,-0.06472748979418474,-0.10083539311825195,-0.049174804173665834,2015-03-13,71,3,4
13,1,-0.6494577597768085,10.631315819615114,-0.04233943010928361,5.988408011907136,-0.8340101351599002,-0.290322794370629,8.328222441393361,-0.049123431390740345,2015-03-14,72,3,5
14,1,0.9876254266793012,-0.1455683988353989,-0.04233943010928361,-0.12429473910932351,-0.8449913129873821,0.6022447971250005,-0.10165644514417294,-0.05064495211014324,2015-03-15,73,3,6
15,1,-0.9236013634295261,2.5342205595050475,-0.04233943010928361,1.8670750315640932,0.8765288350365922,1.0168771861378954,9.599272891471188,-0.05064491915397789,2015-03-16,74,3,7
16,1,1.4330733617913438,-0.1373284008664321,-0.042339430109222705,-0.12380602107849951,-0.8351455808429463,-0.41356728127136755,-0.08468651521016465,-0.020262636151324488,2015-03-17,75,3,1
17,0,-0.5201164322335217,-0.14545392951829994,-0.04233943010928361,-0.12241374411552658,-0.8449890873939012,1.0166929534552338,-0.10165171669725984,-0.05064495211013798,2015-03-18,76,3,2
18,0,-0.0405592257207843,-0.14566015698179036,-0.04233943010928307,-0.12429477150476241,-0.781789144205947,0.8730641303308273,0.031044166235478052,-0.050644951715651615,2015-03-19,77,3,3
19,1,0.8992941829351793,-0.13125860721401186,-0.04233943010928361,-0.12369054135142743,-0.8282241271957375,-0.9953690459421756,-0.10164103663760161,-0.050644951597726175,2015-03-20,78,3,4
20,1,0.17571566490430257,0.43632114548074596,-0.04233942869377624,0.42866314214984996,-0.8433493657584604,0.42687460132824384,-0.10165644204587508,-0.05060745361816327,2015-03-21,79,3,5
21,0,-1.7127073273342148,-0.1456080557113317,-0.04233943010928361,-0.12429477150476446,-0.8449564055246184,-0.5920649671725715,-0.10165644514417294,-0.05064495211014314,2015-03-22,80,3,6
22,0,-0.7349127494958196,-0.14566031460556916,-0.04233943010928361,0.398250000134398,-0.7965428244868847,0.8962327098576468,0.24253342055801563,0.12402649594656015,2015-03-23,81,3,7
23,0,-0.23348409901834088,-0.1339213116697046,4.298825946050416,-0.12156430785139019,-0.7825329813730634,1.8016608900539746,0.32850009687894904,1.2907131310614641,2015-03-24,82,3,1
24,0,1.4455883582895126,-0.14565054664186108,-0.04233943010928361,-0.12429477149792563,-0.8389591940431412,0.08996378065463384,-0.09993002353706086,-0.05064495211014324,2015-03-25,83,3,2
25,0,1.2403852101239892,-0.14092101974247082,-0.04233943010928361,-0.12400135200169218,-0.8404832955080368,0.4115025610445757,-0.10165644514417294,-0.05063732187979991,2015-03-26,84,3,3
26,0,-1.6794514765203985,-0.14565346893926706,-0.04205928246946762,-0.12428304698885324,0.6880856463472732,-1.1556610775153668,-0.10163620720000378,-0.01119649180272881,2015-03-27,85,3,4
27,0,-0.8240120270887701,-0.14566031464496407,-0.04233943010928361,-0.12429477150476537,0.11285554269002118,-0.7168577397245479,-0.10165568783643947,-0.05064495207952991,2015-03-28,86,3,5
28,0,0.15056442271399817,0.5123785294577378,-0.04233943010928361,-0.08753879240302967,-0.6189211620804735,-0.6160585450567786,-0.06878174867757703,-0.05064495210648315,2015-03-29,87,3,6
29,1,1.7208531226841248,-0.14563777951185555,-0.04233678006006676,-0.11348723469255675,-0.844991322142431,2.350875957670117,-0.10162794693083625,-0.04650984529047199,2015-03-30,88,3,7
30,1,-0.06767620874633451,-0.1455961291525362,-0.04233943010928361,-0.12312820362742716,0.16985323083247883,-0.2017722261793926,0.6320172300962877,-0.05064495211014324,2015-03-31,89,3,1
0,0,0.39636441611266093,-0.07938421122655981,-0.04233943010928361,1.5913487645001196,-0.7200385980618793,0.06717203664130711,-0.07498466693304316,-0.05064495211014324,2015-04-01,90,4,2
1,0,-0.30927503725439465,-0.14566031454894648,-0.04233943010928361,-0.12429477150476537,-0.844883890812048,0.3209313412833259,-0.10165644514417294,-0.05064495211014324,2015-04-02,91,4,3
2,0,-1.0988239095375718,-0.14563550322285304,-0.042339429836077296,-0.12429477150476535,-0.8449909418075435,0.18870687776935213,-0.10116782002328445,-0.049653884706518325,2015-04-03,92,4,4
3,1,-0.24687048929415312,-0.14566031420155173,-0.04233943010928361,-0.12429476988623851,-0.8448426000055965,-1.0351530103608773,-0.10165644514417294,-0.05064495211014324,2015-04-04,93,4,5
4,0,-0.8840277090774293,-0.14566030807470498,-0.04233943010928361,-0.12428892441317232,-0.840444579590546,-0.6845498985509244,-0.10165644514319913,-0.05064414813553219,2015-04-05,94,4,6
5,0,1.7208531226841248,-0.14564484608256634,-0.006098643352274356,0.12201303120944533,-0.7960020878955193,0.09988985052290911,-0.10165629667323449,-0.05064379882275736,2015-04-06,95,4,7
6,0,-1.4155545257547573,-0.1445539265282396,-0.04233943010928361,-0.12429343221582408,-0.7930059321328852,0.7238387663220207,-0.10163887688844979,-0.05064495211014324,2015-04-07,96,4,1
7,0,-1.0158058568387105,-0.1456600707839744,-0.04233943010928361,0.10480472375017559,-0.02887600761365794,0.9937200519298965,-0.10165644493309474,-0.05064494482426174,2015-04-08,97,4,2
8,0,0.7522198482127038,-0.1456520503945018,-0.04233697926755327,-0.12307294558145845,-0.8449913268686154,0.06177332676062486,-0.10164230673207611,-0.04417591317915326,2015-04-09,98,4,3
9,0,1.7208531226841248,-0.016227682254463527,-0.04233943010928361,-0.1242947481606935,-0.7175643800791858,0.00027290967975268643,1.5464544060255807,-0.05064495211014324,2015-04-10,99,4,4
10,0,-1.7359327540363283,-0.05849287787707097,-0.04233943010928361,-0.1242943164085547,-0.844991326874557,-0.5497469798599108,-0.10165644514417141,-0.050644951647476316,2015-04-11,100,4,5
11,0,-0.007913408320291637,-0.12111677979239127,-0.04233943010928361,-0.0995440213122339,-0.8429301526869192,-0.7778733743601554,0.8340717184262787,-0.050643343655863086,2015-04-12,101,4,6
12,0,-0.6473931486738422,-0.14566031464492926,-0.04233943010928361,-0.12429118411596934,-0.8449907674259961,-0.9712503299062636,-0.10165644514417294,-0.05064495211014323,2015-04-13,102,4,7
13,0,-0.2184749379573674,-0.13467557491654478,-0.04233943010928361,-0.12395253979215198,-0.6066461329527906,-0.9463759814343669,-0.1016564451440486,-0.05064495211014324,2015-04-14,103,4,1
14,0,0.6641810559137014,0.3500270853806733,-0.04233943010928361,0.08318998779551219,-0.6485860506660248,0.8069681156525528,-0.10165644514417294,-0.050644842551979104,2015-04-15,104,4,2
15,0,-0.34663062040613113,-0.1454598833662015,-0.04233943010928361,0.3698854317068758,-0.43465462687050643,-1.2496685228946967,-0.10071033790885477,-0.05064494383814344,2015-04-16,105,4,3
16,1,-0.5522481686031568,1.7296607871446916,-0.04233943010928361,0.03496727786854621,-0.7765969546072196,0.08789300889640339,-0.017733474463803814,-0.0506295128502523,2015-04-17,106,4,4
17,1,-0.5098867620511385,4.62496856377203,-0.042339430109283205,-0.12429462463160094,-0.844971263224786,-0.3718863619539823,-0.10164279967653582,-0.050644952110143075,2015-04-18,107,4,5
18,0,1.7208531226841248,-0.11374831475536942,-0.04233943010928361,-0.12429448399084936,-0.8432292606101287,0.09148606517762925,-0.10164478927111155,-0.050644940845339305,2015-04-19,108,4,6
19,0,0.7359775911702116,-0.1438927462333175,-0.042339430108466206,-0.12426257199835901,-0.835160218292916,0.06844513866522783,-0.10165644514417294,-0.050633345118492316,2015-04-20,109,4,7
20,0,0.16477544351110396,-0.1456600882856413,-0.04233942997242867,-0.12429477150476537,-0.8352534163005795,2.241848749303492,-0.10165644514417294,-0.050644952110142374,2015-04-21,110,4,1
21,0,1.1700081618105997,-0.1278475047827171,-0.04233943010928361,-0.1242947715022321,-0.8369572539533884,-0.4099937133876841,-0.101656445083542,-0.04565460028445899,2015-04-22,111,4,2
22,1,-1.197978898976217,-0.1393767508650996,-0.04233943010928361,-0.1242577221134022,-0.8449724549675546,0.5607105199577251,-0.06786681682789353,0.690059275983862,2015-04-23,112,4,3
23,0,0.4498370640988725,0.5515065261194354,-0.04233943010928361,0.6516698277683796,-0.8449883333316818,1.6589156024470295,-0.10165328500845672,-0.05064495211014324,2015-04-24,113,4,4
24,0,-1.0876041264303211,-0.1116946730187256,-0.04233943010928361,-0.12167932112052902,0.5688225334221729,-0.29951344372850386,-0.10165628549338239,-0.05064495211014324,2015-04-25,114,4,5
25,0,0.18087074689461247,0.1026910669344035,-0.04233943010928361,-0.12429068824303698,-0.7899901612111573,-1.0668053969477995,-0.10073404518222867,-0.05064495210799226,2015-04-26,115,4,6
26,0,-0.5584434676531629,-0.14550963049185006,-0.04204550097210111,-0.12425611512237887,-0.8449878309295356,2.9615992094711174,-0.10165643670636994,-0.04914730843834876,2015-04-27,116,4,7
27,1,0.505688654133067,3.069862435634639,-0.04233943010928361,-0.12234854596490703,-0.8308310014904093,-1.2907412511860201,-0.10165644514416905,-0.05064493646750634,2015-04-28,117,4,1
28,0,-0.8507197542008811,-0.14566031073001273,-0.04233943010928361,-0.1242643570909769,0.5731054587784098,-0.5339069148324125,-0.10165644514214034,-0.05064495211014324,2015-04-29,118,4,2
29,0,0.10561728796301395,-0.14565996477762794,-0.04233943010928361,-0.12429473843952694,-0.8413174081670931,0.5298617387301761,-0.09982367563804531,-0.05064495211014324,2015-04-30,119,4,3
0,0,-0.669104001530485,-0.14566031083622968,-0.041686162794909186,-0.12429477109597113,-0.7090205878458026,-0.3196571930583598,-0.10165644514417288,-0.050644952110143006,2015-05-01,120,5,4
1,0,1.7208531226841248,-0.14558095373030958,-0.04233943010928361,-0.12429477150476537,-0.8433092938262762,0.46879843385203834,-0.10165644514417294,-0.05064493915080315,2015-05-02,121,5,5
2,0,1.7059365815997865,-0.14525150126973485,-0.04233943010928361,0.12123659938918337,-0.8449539415501286,0.9000267072567922,-0.10165644448157818,-0.050644950805333794,2015-05-03,122,5,6
3,0,-0.4132277591286737,0.43428210711018944,-0.04233943010928361,-0.12429477150408749,-0.8429252967487406,-0.7983653945003879,-0.10165644514416923,-0.05064491190081986,2015-05-04,123,5,7
4,1,0.5355416996761448,-0.14556073473825695,-0.042339430078697206,0.01414747144405791,-0.19325647221419773,-0.38999986864811564,-0.10161420804866353,-0.05042894548942076,2015-05-05,124,5,1
5,1,-0.033419886795996945,-0.14566030469711153,-0.04233368854979774,-0.12429476640690519,-0.5125403453268105,-0.8454285771359897,-0.10165644512100631,-0.00967409264018592,2015-05-06,125,5,2
6,1,-0.8285385615228904,-0.1456543146505486,-0.04233943010928361,-0.12426122474372579,-0.7647178651834753,0.2562523778559216,-0.06593143528609402,-0.05064495211014273,2015-05-07,126,5,3
7,0,0.9759044803952435,-0.1307015179643786,-0.04233943010928361,-0.10579921645281695,-0.8449350932797487,0.9081403642332271,-0.10165644514168579,-0.05064495211014324,2015-05-08,127,5,4
8,0,-0.8150400482700775,-0.1456568834169738,-0.009026411866625367,-0.12429260911236202,0.9825311244140024,-0.34743248167695695,-0.10165644514417264,-0.05061314590101557,2015-05-09,128,5,5
9,0,-1.5988883823677469,-0.14528922111858578,-0.04232244768856285,-0.12330572051321055,-0.799159737321195,-0.22913271115231426,-0.10165643501492519,-0.05064495211014324,2015-05-10,129,5,6
10,0,-1.2012964744768766,-0.12917504794126825,-0.042339430109138855,-0.12235625467426599,-0.8449878538185197,-0.8020175504495919,-0.09295703993718821,-0.050644925902845146,2015-05-11,130,5,7
11,0,1.5636177740444595,7.223356172425989,-0.04233943010928361,-0.11682450515243993,-0.8269994213087904,1.6523467913825938,-0.10165644514417294,-0.0506449496741749,2015-05-12,131,5,1
12,1,-0.2702889601957992,1.368289287519275,-0.04233938555663394,0.23235336155942343,-0.8196916878464258,-0.12908051270693388,-0.07910248734380657,0.45855592501643166,2015-05-13,132,5,2
13,0,-0.8922944590650417,-0.14554725782338138,-0.04233942755105159,-0.12429477114341951,-0.8449908174628462,-0.37010853711664327,-0.10165566728255893,-0.017340482666152762,2015-05-14,133,5,3
14,0,0.4674015872804631,0.08087795030327855,-0.042337299678187786,-0.12429466747757842,-0.8449913268792579,1.4094413751381012,-0.10165385825147587,-0.05063308365505717,2015-05-15,134,5,4
15,1,-0.14793297952182627,-0.14520621200198638,-0.04233943010928361,-0.12429476573378682,-0.8449042960178959,0.800941218113925,-0.08989646334126668,-0.0506449521097106,2015-05-16,135,5,5
16,0,0.5978399223386219,-0.1456504696015666,-0.04233943010928361,-0.1242947715047425,-0.7555015478807495,0.7161320336389476,-0.10164397068141391,-0.05064495210728337,2015-05-17,136,5,6
17,0,0.08050305130541346,-0.1444984167161365,-0.04233943010928361,-0.12429466961851084,-0.8358593732915223,-1.0532344394099384,-0.10164984489990442,-0.049745913632296364,2015-05-18,137,5,7
18,0,-0.3836256038653545,-0.0803318539512197,0.19447278169152055,-0.12397928951221517,-0.8449913268792542,1.2356071882643151,-0.10165644514417294,-0.04246508476629979,2015-05-19,138,5,1
19,0,-1.2297268312511846,-0.14566029768684213,-0.04233930429955134,-0.1242947715046305,-0.8356637747388551,-0.7325982631641428,-0.10165644514417294,-0.05064491574799619,2015-05-20,139,5,2
20,0,-0.045170269687758946,-0.13440885003006164,-0.04233942667838217,2.095187413342098,-0.4923851660750908,1.041784068926157,3.324159380615443,-0.03791712653045757,2015-05-21,140,5,3
21,0,-0.0574416120373229,-0.1456603146279123,-0.04233943010928361,-0.12429425062139525,0.36001604095326634,0.4026474361439263,-0.10165644514417294,-0.05064495211014324,2015-05-22,141,5,4
22,0,-1.7359327540363283,-0.14565981036075965,-0.04233943010928361,-0.1242908902521464,-0.8421651667785497,-0.20452213789676588,-0.10165624730181526,-0.05064495211014324,2015-05-23,142,5,5
23,0,0.44344243352296075,-0.014772030681971998,-0.04144373176478315,-0.12357991204621137,-0.8341974584355982,0.30050685905830754,-0.10165644514417276,-0.050644952110142534,2015-05-24,143,5,6
24,0,1.2849223131012621,-0.14566031339206278,-0.04233943010928346,-0.12293271996207458,-0.7546471605780397,0.44105687017260653,0.17984656913128821,-0.04614835911707095,2015-05-25,144,5,7
25,0,-1.3446592033960059,-0.14548868099956208,-0.04233943010928361,-0.12429474505954059,-0.6959562977471077,-0.1972017598001834,-0.10165644514417294,-0.05063633071699541,2015-05-26,145,5,1
26,1,-1.7359327540363283,-0.14537751077534655,-0.04233943010928361,-0.12429468847891292,-0.7578073551840498,-1.1994426585695601,0.1350899886299824,-0.05064494535324606,2015-05-27,146,5,2
27,0,-1.3507617313970854,-0.14501496676613068,-0.04233943010928361,-0.12295728226253236,-0.754910941207388,0.4663394456345724,-0.10165644514417294,-0.05063100942161033,2015-05-28,147,5,3
28,0,1.2785875761482828,-0.1438024121559735,-0.04233943010928361,-0.12429180550523519,-0.7762045158485886,1.6315834519287646,-0.10017304080917457,-0.05064495211014324,2015-05-29,148,5,4
29,0,-0.41636174246076507,-0.09089652863024998,-0.042339430109199744,0.07288555152743871,-0.8449909160707985,0.662484406473749,-0.10165644377477608,-0.050642370742673935,2015-05-30,149,5,5
30,0,0.6001134097911915,-0.1456603146448374,-0.04233943010928361,-0.12429477150472515,-0.6518580663401443,0.567601721923392,-0.10165644514417294,-0.05064495211014324,2015-05-31,150,5,6
0,0,0.508472693852795,-0.14496464948339988,-0.04233943010928361,-0.12429435560928845,-0.8105549775436858,1.1948466164883662,-0.10165644514391704,-0.050644952066372276,2015-06-01,151,6,7
1,0,0.9577019457737492,-0.13506759563388052,-0.03317341048472523,-0.12422181361354379,-0.6484853560540551,-0.3411659180633655,-0.10151054925289302,-0.04655255604129358,2015-06-02,152,6,1
2,0,-1.0969873638764511,-0.0966846744487409,-0.04233943010928361,-0.12429477150476537,-0.8449913268413888,0.5449498239372685,-0.10165644514417294,-0.05064495211014324,2015-06-03,153,6,2
3,0,1.1661279211436408,-0.14566031293829937,-0.04233943010928361,4.056024726033814,-0.7697539876036131,0.5010606166101308,-0.1016564449059177,-0.05064495211014324,2015-06-04,154,6,3
4,0,-0.047770235815320916,-0.14565726165606088,-0.042339430109283586,-0.12429464648006151,-0.7225142177700832,1.1795564886334517,-0.10165644514417294,-0.0506361083548829,2015-06-05,155,6,4
5,0,0.12442000711013179,-0.138226485348391,-0.04233943010928361,-0.12373254535005496,0.2642122022068921,-1.4255693490050394,-0.10165644514417294,-0.05064495211014324,2015-06-06,156,6,5
6,0,1.1782859957885847,-0.14398444132259505,-0.04233943010928361,2.302457736082328,0.21699162529230376,0.2938352597441023,-0.10165641251514075,-0.05064495211014324,2015-06-07,157,6,6
7,0,1.7208531226841248,-0.05545609833139502,-0.04233943010928361,-0.12429477130267019,-0.8194288034224896,-0.5250335817976328,-0.10163327232480153,-0.0506449521101303,2015-06-08,158,6,7
8,0,-0.4167108408802278,-0.14566031372514593,-0.04217477663394321,-0.12331851425121527,-0.07010707274265104,-1.3867981979807498,-0.028080625621690808,-0.05064495211013499,2015-06-09,159,6,1
9,1,-0.2499362889531227,-0.10039275404997047,-0.04233864717783264,0.5341130742353687,-0.7627001022582647,0.6478853593738734,-0.09961331978076968,-0.05005604907159673,2015-06-10,160,6,2
10,0,-0.7695766809668925,-0.14565730266577648,-0.04233943010928361,-0.1242911733579055,-0.8373174924661592,0.25862729466364787,-0.1015155142444963,-0.023973214238144785,2015-06-11,161,6,3
11,1,-0.7161570219079607,5.002281889394521,-0.04233943010928361,-0.024713370029630297,-0.8449876742951193,0.1563467185608376,-0.10165644514417294,-0.05064495211014324,2015-06-12,162,6,4
12,0,-0.16044256815550284,2.3748596842555583,-0.04233943010906967,-0.10869394174379902,-0.5209308098337402,-0.8391196974868333,-0.0958022367295115,-0.05064495209766762,2015-06-13,163,6,5
13,1,0.7577986395546503,-0.1456603139491898,-0.042339429651825376,-0.12429476799933216,-0.8412478375369611,1.5985678886284944,0.6630134778105137,0.0570948827568189,2015-06-14,164,6,6
14,0,-1.1220735519682847,-0.14566031423258613,-0.04233943010825796,1.0357852589554704,-0.78394214482034,0.5312905132106716,-0.10165644514417294,-0.050644952062515805,2015-06-15,165,6,7
15,0,1.7208531226841248,0.019946064019566057,-0.042339085575020106,-0.12429477150470046,0.01642586681561231,-0.13856653848314826,-0.10165644514417294,1.5152063053186948,2015-06-16,166,6,1
16,0,-0.46825886745951095,-0.1456359247003459,-0.04233943010928361,-0.12426822660882973,-0.7842841496985482,-1.012114923328371,-0.10165644222458375,-0.05064495211014324,2015-06-17,167,6,2
17,0,1.0639348853919586,2.5355536545015824,-0.039351818043080675,-0.0016657193509747453,-0.7935919239562147,-0.7660507137696415,-0.08379745550387856,-0.0303549011416961,2015-06-18,168,6,3
18,0,-0.14898320011967314,-0.14566031464479784,-0.04233943010928359,-0.12429477150476537,-0.4751810609380008,0.4092768130217532,-0.10165644514417294,-0.05064495211014324,2015-06-19,169,6,4
19,0,-0.07998948031688258,-0.14562713948701553,-0.042281059549820296,1.1135595487980736,-0.7921985154320221,0.11457940063436123,-0.10165613509703111,-0.050644952097245906,2015-06-20,170,6,5
20,0,-0.30668572710399644,-0.14566019075720807,-0.04233943010928361,-0.12356362220981089,-0.8322002236082863,0.5217475406858361,-0.10165644511884096,-0.05064495210739155,2015-06-21,171,6,6
21,0,0.17560326243896895,0.02696305654157502,-0.04233940883435755,-0.12369253162242645,-0.8182433941433092,0.050793832132411953,-0.1016564451440988,-0.050644488364136805,2015-06-22,172,6,7
22,0,-1.128700519912769,-0.14566031464496407,-0.04233943010928361,-0.12429477150476537,-0.6402618546411318,0.08880380403276433,-0.10165644514417294,-0.05064495211014324,2015-06-23,173,6,1
23,1,1.7208531226841248,-0.14566029894681404,-0.04090041319631006,-0.12419124989764778,-0.07464826162524074,0.4173612292999298,-0.10165644514417149,-0.05064490228173244,2015-06-24,174,6,2
24,0,-1.7359327540363283,-0.05229879505659919,-0.04233943010928361,-0.12429442676073574,-0.8410956274416042,-0.0737555507346892,0.10272547043937359,-0.05064493827819814,2015-06-25,175,6,3
25,0,-0.6307252114420976,-0.14486243308685667,-0.04233943010918824,-0.12429477150403186,-0.8446044980266879,-0.32575860245834853,-0.10165644514301227,0.033299052639929064,2015-06-26,176,6,4
26,0,0.2656977965573333,-0.143423295094181,-0.04233943010928361,-0.12429476926623557,-0.7679141401378763,-0.52380409190881,-0.10165644514417294,-0.05064494160536105,2015-06-27,177,6,5
27,1,0.40800015058388794,0.12383471858406375,-0.04233661076392005,-0.12429244459513156,-0.8404221965619346,-1.0123799623775507,3.9227663387397187,-0.050634478518864365,2015-06-28,178,6,6
28,0,-0.025182716740701494,-0.1456595054120463,-0.04233943010928361,-0.12429477150476537,-0.8449912847876702,-0.3646568427985901,-0.10165644514416558,-0.050644874478983144,2015-06-29,179,6,7
29,1,0.048815464232944805,3.724443118618416,-0.04233943010928361,-0.1236369572667264,-0.8211353671965729,-0.7040905103871467,-0.09216275218278369,-0.050644951847421966,2015-06-30,180,6,1
0,1,-0.8444908173727015,3.1609191075754364,-0.04233943010928361,3.0074574634747506,-0.8449909300587856,1.9082623647384986,7.808586956915495,-0.05064495211014324,2015-07-01,181,7,2
1,0,1.7208531226841248,-0.14510497315211282,-0.042319603641790965,0.029477415469724225,-0.8113126141041128,0.5321092656902282,-0.10165644514417294,-0.05064185678325814,2015-07-02,182,7,3
2,0,1.048153290303162,-0.145659650089907,-0.04233943007684075,-0.12429477133249373,-0.366910189055562,0.868733438951713,-0.10165615209589336,-0.05064495211014324,2015-07-03,183,7,4
3,0,0.2949777611988509,-0.14566028997974342,-0.042339430109282754,-0.08974925840470394,-0.8430781247989523,0.5921751537607864,-0.10163122319097098,-0.050644949796656465,2015-07-04,184,7,5
4,0,0.10794530968782112,-0.1456577659327522,10.177908591318227,-0.12426091998496952,-0.8044483179891708,0.21716787106059865,-0.10165644514417077,-0.0503931110861206,2015-07-05,185,7,6
5,0,-0.6451451603617215,-0.1456599643678524,-0.04184127779170106,-0.12429477150476535,-0.8448890418204651,0.48622435556275434,-0.10165644514417294,-0.04794833725333308,2015-07-06,186,7,7
6,1,1.404089936225958,6.3091909849589225,-0.04233943010928348,4.408829526077903,-0.7951452081908216,0.5909212510488295,0.47869527875504736,-0.04362546896746849,2015-07-07,187,7,1
7,0,-0.3194795762316289,-0.1456603144751548,-0.042339429869563815,-0.12386083533518664,4.378624153654954,0.699326750527038,-0.10165644512739083,-0.04606524227472972,2015-07-08,188,7,2
8,1,1.1306873429152375,-0.06290143897543286,-0.04233540607891203,-0.12353008060840852,-0.844234352790054,1.6065303979737857,-0.10130943975661535,-0.05064495211014324,2015-07-09,189,7,3
9,0,0.15110902504410717,0.8440947539024772,-0.042339430099194365,-0.12427654400172782,-0.009148254857436977,0.11933356018997632,-0.07904567253284565,-0.05064495211014324,2015-07-10,190,7,4
10,1,-0.26081278702353927,10.67407525862864,-0.04233938552944501,6.822069067336388,-0.8371934374555935,0.022620154665765835,1.2311978013792721,-0.05064495200981696,2015-07-11,191,7,5
11,0,1.7208531226841248,-0.14430970379488184,0.03641269169040264,-0.12429477150476478,-0.8449721580455883,0.1711380300570573,-0.10165644514060372,-0.043860981203976614,2015-07-12,192,7,6
12,0,0.7222230491069865,-0.14540434879543782,-0.04113751960357101,-0.002855396616726777,1.8098523899841408,0.19250051102765298,1.607813844209503,-0.0506449521100929,2015-07-13,193,7,7
13,0,-0.9963342965506286,-0.1456240768746892,-0.04233943010928361,1.2618230326539832,-0.7563063598400919,0.44961606459415737,-0.038787555950852384,-0.05064495211014324,2015-07-14,194,7,1
14,0,1.134275227120881,-0.14565973778232277,-0.04233943010928361,-0.12223946873079088,1.5792599378944794,-1.0289631173351075,-0.09942369376158598,-0.05064495210966932,2015-07-15,195,7,2
15,0,-0.23513109778591001,-0.14564483477190518,-0.04233943010928361,-0.12426984530413314,-0.8414976310207297,-0.9706310014159563,-0.1016518314424049,0.11040197223727471,2015-07-16,196,7,3
16,0,-1.6255592316181549,-0.12507091715548904,-0.016180349358535143,0.21730018983050475,-0.8181224981210268,0.5626628090132169,-0.10165644512857884,0.053747544835964445,2015-07-17,197,7,4
17,0,0.5286696821581955,-0.14566031463121595,-0.04233943010928361,-0.12429470524254971,-0.8239552565937789,1.294769710237901,-0.10165378917229978,-0.050638701165708906,2015-07-18,198,7,5
18,1,-0.43040036418837246,-0.11995650284542723,-0.04233943010928361,-0.12407226506531474,-0.7377629533038176,0.7178798453850677,-0.10165644486727368,-0.050644952110142576,2015-07-19,199,7,6
19,0,-1.5301315172747536,-0.14566029192292482,-0.04233943010928361,-0.12429476130571714,-0.8217197232280444,-0.4180473114466534,-0.10165644514417294,-0.050644937122872845,2015-07-20,200,7,7
20,0,0.03402967237694554,-0.14514522309259412,-0.04233943010928361,-0.12396661690312832,-0.8448322881603679,1.0473800265637099,-0.10165644514417294,-0.034547895073975536,2015-07-21,201,7,1
21,0,-1.4406514790019287,-0.14243557708547447,-0.04233943010928361,-0.1241159808563923,-0.7144876104850114,1.1065085715314815,-0.10165644047252091,-0.05064495211013618,2015-07-22,202,7,2
22,0,-1.3840865119687464,-0.14566029694884744,0.5142471595095749,-0.12429477150472572,-0.8449813792268177,0.3646141357427508,-0.10165644514417294,-0.050641886007345094,2015-07-23,203,7,3
23,1,0.03818703929634637,0.40685839360967535,-0.04233913087684848,0.7379370399390252,-0.7279831994340673,-0.08296630258135762,-0.10035100336209048,1.182100958681834,2015-07-24,204,7,4
24,0,-0.23800532875345937,0.35448981864181184,-0.04233943010928361,-0.11953739137200824,-0.8449907765145417,-0.251469556088427,-0.1016564451441729,-0.05050822233218585,2015-07-25,205,7,5
25,1,0.5717186745754361,-0.1444704530326792,-0.04233943010928361,0.3901530940643208,-0.4600867395298573,-0.7557818967888221,1.4012467252736232,-0.05064477038471154,2015-07-26,206,7,6
26,0,-1.0961006859924112,-0.14566031464496407,-0.04233943010928361,-0.12429477150476537,1.9628779378911942,-1.2458263166981802,-0.10165644514417294,-0.0483240015407681,2015-07-27,207,7,7
27,0,0.6856090270830464,-0.12081613266357487,-0.04233943010928361,-0.1242031566188473,-0.8446663164085443,0.24886614096763626,-0.10165642487078409,-0.04879453507085218,2015-07-28,208,7,1
28,1,0.42196585145360643,0.04521281201271651,-0.042339422205939455,0.1326236086870125,-0.7969810612484767,4.008798120527052,-0.08922195210437558,-0.05064495211014324,2015-07-29,209,7,2
29,0,-1.7359327540363283,-0.07413944266845007,-0.042339429929463455,-0.11129983653021541,-0.8449810467644933,0.0535786114161132,-0.10165638767340957,-0.05060565278699287,2015-07-30,210,7,3
30,0,-0.7921552888351471,0.43424803179822924,-0.04233943010928361,0.25165004920920964,-0.3354802495808413,0.42380232834973874,-0.09085879802410282,-0.05064495211014324,2015-07-31,211,7,4
0,1,-0.2937951815597444,-0.14565447239393783,-0.04233943010928361,-0.12429477147917738,-0.4414987281762484,-0.21330701708720667,0.8492664709399446,-0.050644952110143214,2015-08-01,212,8,5
1,0,-0.21761689797708073,-0.14542570064967808,-0.04233943010928127,-0.12429477150476534,-0.7857029548755465,0.4385114411300606,-0.10165560232640088,-0.050644952038491606,2015-08-02,213,8,6
2,0,1.7208531226841248,-0.14566031464496304,-0.04233943010928361,-0.12429477150476513,-0.8449886275275077,0.07783943510996894,-0.10165644514417294,-0.050644951551495204,2015-08-03,214,8,7
3,0,-1.735800928464613,-0.09758966563165335,-0.04206040729731914,4.52821094602107,-0.8449783123078056,0.726387642578894,-0.10165644403530184,-0.049777322582238354,2015-08-04,215,8,1
4,0,0.5704604957350909,-0.14517990583692147,-0.04233943010928361,-0.1242728286776267,-0.47601138114928854,0.8846111197434574,-0.10163092243341905,-0.050644945602373974,2015-08-05,216,8,2
5,1,-1.7359327540363283,-0.14566031375534905,-0.04233943010928361,-0.0427040260966339,-0.8323722433931512,0.3275957739960518,-0.10165638326239845,-0.050644952110143145,2015-08-06,217,8,3
6,1,-0.15819877053921516,-0.14526656922378078,-0.04233657585284642,-0.06845840069878294,-0.5276926714746171,1.5896071149159372,3.6713566328481657,-0.04536635143109634,2015-08-07,218,8,4
7,0,0.6933057871506776,-0.1454200620597465,-0.04229106047051513,-0.12429477150476195,0.6051238164197213,1.4521751611123364,-0.10123807583423167,-0.05064495209677225,2015-08-08,219,8,5
8,1,-0.2673739218010951,-0.09205993908736598,-0.04233943010927758,0.3246670895511992,-0.7863011013663169,0.10687011166860394,-0.10165644514417294,-0.012878849393865001,2015-08-09,220,8,6
9,1,-0.5030760941217949,0.9081520984507178,-0.04233943010928361,0.8784646639570529,1.8721577154855917,0.2633020400729791,-0.10131578714090035,-0.05064495211014324,2015-08-10,221,8,7
10,0,0.10836233417204255,0.14970445681506778,-0.04233943010928361,-0.12429474016770592,-0.8220642972442058,0.2695903517496321,-0.10165644514417281,-0.05064495211014324,2015-08-11,222,8,1
11,0,0.06469086451265582,-0.14566031459715936,-0.04233943010928361,-0.12427537245805242,-0.8170386296282033,0.33418785878953905,-0.10165644514417294,-0.05064495121599569,2015-08-12,223,8,2
12,0,1.7208531226841248,-0.14566031392881618,-0.042339430092353324,-0.12278453226070431,-0.7874091537569019,-0.04614238148013472,-0.10165644514417294,-0.04950765068923549,2015-08-13,224,8,3
13,0,-0.12339189762293756,0.5445890196780231,-0.042339430109280374,0.22657327559403684,-0.8402587097154021,-0.4831352241953466,-0.09764319105679728,-0.0506449521093318,2015-08-14,225,8,4
14,1,1.1187754779360262,-0.06331996406522415,-0.04233943010928361,-0.08738730680180551,0.013285961179929529,-0.4302513515351647,-0.101656445140077,-0.05064495211014324,2015-08-15,226,8,5
15,0,0.8524518538093702,-0.011601692407274322,3.7080774063393247,-0.11986877317988268,-0.8449913143185376,-0.8002713459039055,-0.10165644514417294,-0.0008431233152596251,2015-08-16,227,8,6
16,1,-0.5377163735863206,3.062266527781959,-0.04233942770968388,0.6671582805570982,-0.8448458660117434,1.185948942995883,-0.021299530746462167,-0.0506449521097894,2015-08-17,228,8,7
17,1,-0.3059293454765708,-0.14565995078847543,-0.04233943010928361,-0.12429473640305178,-0.6427664392883408,0.3222799810063899,-0.10165644514411931,-0.05064495211014324,2015-08-18,229,8,1
18,0,0.6082337859904641,-0.145660028936431,-0.04233943010928361,-0.12429444879595086,-0.8422102382429419,2.4159733355443036,-0.10061278173705825,-0.050644797513499824,2015-08-19,230,8,2
19,1,-0.8629403374356315,-0.10717776098694032,-0.04233943010928361,-0.12429477147360991,-0.8027796499073983,-0.47439414187642104,-0.10155667952662326,-0.05064495211014324,2015-08-20,231,8,3
20,0,-1.3462455601835046,0.12412915199713198,-0.042339430109283545,-0.11568857079639461,-0.29653050210514464,0.9659871625621399,-0.10165644238644736,-0.05064495211014324,2015-08-21,232,8,4
21,1,0.5382960763373035,2.304667712200707,-0.04233943010928361,0.4311719311703163,-0.5792147011880528,0.4805509795718024,-0.10162144409403157,-0.05064495211014324,2015-08-22,233,8,5
22,0,-1.160969129464732,-0.040150644583141104,-0.04233943010797737,-0.12346484382704774,-0.7258791063379162,-0.7761729728093711,-0.10165339992981771,1.009985638529292,2015-08-23,234,8,6
23,1,1.28202982804126,0.08681904870396678,-0.04233943010928361,-0.12396600594111643,-0.8313650882846799,0.4636307431757398,-0.10164641034464547,-0.05064495211014324,2015-08-24,235,8,7
24,0,-0.2852684908309726,0.24263599408845682,0.2716388152454758,4.939438127316578,0.7962348073923257,0.04010741083609304,6.449703873671157,-0.0380800952697064,2015-08-25,236,8,1
25,0,0.2131668316371247,0.17460859143822466,-0.04233942976962171,-0.12429242447210258,-0.8449784779628418,0.01737476805494076,-0.10165644514417294,-0.05064495211014324,2015-08-26,237,8,2
26,0,0.05131040426734046,-0.13129829084003639,-0.042339430023164114,-0.12429445741971705,-0.8272145847928055,0.5170977752072226,-0.10165644514404702,0.37481975567856746,2015-08-27,238,8,3
27,0,-0.8681007540166092,-0.14565290508983283,1.0416582121158626,-0.1242947712013401,-0.7285186872305777,-0.022953336833113624,-0.10165644510610028,-0.0506334012574501,2015-08-28,239,8,4
28,0,1.2050602319532402,-0.14566026292696316,-0.04176982799316169,-0.10193356858044628,-0.8349774483867337,-0.03059433799122191,-0.09922295841559792,-0.050642203642446024,2015-08-29,240,8,5
29,0,0.5588339195943206,0.8257944639788818,-0.04233942887926775,-0.1242900567919457,-0.18725620028576961,-0.5336631404750025,-0.10165103804774935,-0.05064495169544479,2015-08-30,241,8,6
30,0,0.5691559966848274,-0.1456601774346953,-0.04233943010890881,-0.12429477150476537,-0.6194361293505428,-0.5744125634990396,0.06340737459378866,-0.05063128337534532,2015-08-31,242,8,7
0,0,-1.0840737427288758,-0.1421404935771265,-0.04233449103024561,-0.12429252660693332,-0.626506861912105,1.6320965493615276,-0.06704355767079953,-0.0506447022449919,2015-09-01,243,9,1
1,0,0.4187141653382582,-0.14565938952749685,-0.04233943010928361,-0.12429477150382218,-0.34002313339922563,0.39985326950515354,-0.09043336276274501,-0.050644952096757324,2015-09-02,244,9,2
2,0,-0.7537718980596537,0.6331286456895195,-0.04233943010928361,-0.12429477148452894,-0.7871665801984293,0.37139680288100596,-0.1006611668803743,-0.050641745796179326,2015-09-03,245,9,3
3,0,0.2316218727571311,-0.14549177984450354,-0.04233943010928361,-0.12429477149696763,-0.8449328344686496,0.26484559072548297,-0.10165644514417294,-0.05064495211014324,2015-09-04,246,9,4
4,0,-0.31052659133462157,-0.14475310982561257,-0.04233943010928361,-0.08484699368820886,1.0208482970034485,-0.23212843559859442,0.8114006494272742,-0.05031579316783001,2015-09-05,247,9,5
5,1,0.9704278097787693,-0.1368334044607256,-0.04233943010928361,-0.12429477150476537,-0.8449737254297368,1.1880240132393078,-0.09729550991820948,-0.05064495194754101,2015-09-06,248,9,6
6,0,1.3206483540667335,-0.12938633002194955,-0.04233943009914123,-0.124294724091526,-0.8432387869735869,-0.6053530135936911,-0.10165644368311816,-0.045383911473473725,2015-09-07,249,9,7
7,0,1.3728717754343904,-0.1456502174669983,-0.04233943010928361,-0.12429477147795201,-0.05242308277736041,-0.9561921007446403,-0.10165644514416297,-0.05064494940477173,2015-09-08,250,9,1
8,0,1.4025539994806167,-0.1456603146449633,-0.04233942957992614,-0.12429477150476537,-0.8446838896381378,0.12121400243215863,-0.09611513169631662,-0.050644929391514555,2015-09-09,251,9,2
9,1,0.8664773674043431,-0.13904924278613484,-0.04233943010928361,-0.12429476829086486,-0.8436345138839175,0.22062444802122094,-0.10146329305695094,-0.05064495211014324,2015-09-10,252,9,3
10,0,0.7893944556068533,-0.1450700697388724,1.2307563473457552,-0.12429476845110919,-0.6083395865357504,0.12014789124666159,-0.10165644514417294,-0.05051670648336095,2015-09-11,253,9,4
11,0,0.7850536254407103,0.5794128343222706,-0.04233943010928361,0.14590876541428266,-0.7441424228022184,1.1332068973985816,1.4673816200554455,-0.05064495211014324,2015-09-12,254,9,5
12,1,0.20778286367257692,-0.1447855340943351,-0.04233943010928361,-0.12365421196409526,0.34192174282172483,-0.23729274655303323,-0.10040897301028484,-0.05064495211014324,2015-09-13,255,9,6
13,0,-1.402620996268368,0.060081228935682324,2.4565147813438357,-0.12383571054407215,-0.24427274020531975,0.2724142766149882,-0.059489833821478114,1.415511135036063,2015-09-14,256,9,7
14,0,0.40765423313652605,-0.1456603146449613,-0.04233943010928361,-0.12429473546735219,-0.6002025507212918,-1.083188522816048,-0.10165629147852996,-0.050642670572976514,2015-09-15,257,9,1
15,0,0.8773911604478855,-0.14506665814038006,-0.04233943010928361,-0.11963269850861802,-0.8426800765551788,-0.6284437359817652,-0.08398793802290491,-0.050644952102668055,2015-09-16,258,9,2
16,1,-0.7805375407888562,-0.14565966733924893,-0.04233943010928361,-0.11863125449608798,-0.5898297859462537,0.6024163435630561,-0.10165644514416959,-0.05064495210181535,2015-09-17,259,9,3
17,1,0.9661976339126426,-0.04078269028880259,-0.04233943010928361,-0.12427059568677996,-0.771086197425988,-0.7585111249986571,-0.1016564414484083,-0.05064495211014324,2015-09-18,260,9,4
18,1,0.9289798455929201,1.4366363769193309,0.10693530474403179,0.09398131965526883,-0.8447646705218553,0.21697691998293323,-0.10165613977487277,-0.0035251774956063728,2015-09-19,261,9,5
19,0,1.4227522971219315,-0.13316166147696715,-0.042339430108459655,-0.06396041791758306,-0.7946006400735707,-0.6165480198842799,-0.10165642189510715,-0.050644951356996856,2015-09-20,262,9,6
20,0,-1.4132407899810318,-0.06527370591311933,-0.04233943010928361,0.4206707366360231,-0.7846052760811576,-0.4135557981187108,-0.08927486752158358,-0.05063870052201898,2015-09-21,263,9,7
21,0,-1.7359327540363283,0.9892678776967426,6.514668633868097,-0.12316632529811293,-0.510148876751157,0.8166497144398557,-0.10165243830170222,-0.03949377047589213,2015-09-22,264,9,1
22,0,1.7208531226841248,-0.14566031464315776,-0.0423394301092834,-0.12429477143769134,-0.570726944944755,-0.5894060877097362,-0.10165644514417294,-0.050644952110099166,2015-09-23,265,9,2
23,1,0.1424010237847,-0.14566031464496407,-0.04233943010928361,-0.1242947701160086,-0.8120506485618417,-0.21707766647144267,-0.10165644514016726,-0.05064495211014324,2015-09-24,266,9,3
24,1,0.5139154363542815,-0.07442341189889658,-0.04230340121184402,-0.11891533612577156,-0.7499626532860323,1.3354920011487783,-0.10165644514417294,-0.050644947018584026,2015-09-25,267,9,4
25,0,-0.1761450233878179,-0.10299677561806096,-0.04233943010928361,3.7008337927762587,-0.8438274690744417,0.8553614947615644,0.6718641327594523,-0.050644951850026064,2015-09-26,268,9,5
26,1,1.7208531226841248,-0.012299503117533667,-0.042339430108746884,-0.12138155903883865,-0.8449913268585605,0.48983508979267576,-0.10165422275445186,-0.04565691865428702,2015-09-27,269,9,6
27,0,0.1232064227584857,-0.14424461309899006,-0.0423394292123363,0.9574659412991046,-0.7010916579579829,-0.32463979500727635,-0.1016564451392701,-0.011614566265421525,2015-09-28,270,9,7
28,0,-1.0155301221530095,0.7172453031926076,-0.04233943010792847,1.1262261587032398,-0.8448996749162015,0.03659050477119763,-0.10144115761553966,-0.05064448851309025,2015-09-29,271,9,1
29,0,0.30276719882870395,-0.140346649177101,-0.04233943010928361,-0.12429477150471537,-0.8449669401404691,0.2793533112352309,-0.101591401019219,-0.05063568903225448,2015-09-30,272,9,2
0,1,0.24592393095410614,0.635109180096285,6.055213160258458,-0.08861638886994785,-0.8445054861449,0.3088996679839253,-0.1016554933861433,0.7486838271946439,2015-10-01,273,10,3
1,0,-0.8596249529714868,-0.13638690171973838,-0.04233943010928361,-0.1242947715047653,-0.7748558357934895,0.37090619007436754,-0.10165644514416741,-0.05064495211014324,2015-10-02,274,10,4
2,0,0.37591866771406046,-0.14565489436378895,0.2014836043802468,-0.12342664944819871,-0.8449647336305384,0.8227639667020998,-0.10165644514417277,-0.05040369129899106,2015-10-03,275,10,5
3,0,0.48022133721012494,-0.14280337966357695,-0.04233886950918325,-0.12396229122854503,-0.7421062983674301,2.3662798208497753,-0.10165644514417294,-0.04920233521099729,2015-10-04,276,10,6
4,0,0.2304249777476457,-0.14565182693969597,-0.04233943010928361,-0.12429477144259492,-0.8449913085277325,-0.4166480943202422,-0.10165644514417226,-0.05064495211014324,2015-10-05,277,10,7
5,0,-0.7982533135628671,-0.14565347146107635,-0.04233943010928361,-0.08755012494703454,-0.8396269815124933,-0.48274514431276216,-0.10165644514347334,-0.04594411183447596,2015-10-06,278,10,1
6,1,-0.0995070954391366,-0.14565453215753918,-0.04233942852192247,-0.12423872990764413,-0.842631186887597,0.47798838580342196,-0.10165644514417294,-0.05064495211014324,2015-10-07,279,10,2
7,0,-1.4100618133940799,-0.10036537854424558,33.73971386591999,-0.12429477082200793,-0.7901687790127212,-0.1478687268057315,-0.1016564451441723,-0.05064483171457664,2015-10-08,280,10,3
8,0,-0.5038477519996434,-0.14375083195615487,-0.0423394301091703,-0.1242947715044281,2.1859088784560483,1.2520320952508577,-0.10165644453538529,-0.050644951842295824,2015-10-09,281,10,4
9,0,0.15212379353970107,-0.14566029220155807,-0.04233943010928361,-0.12429477150476537,-0.8423521768048938,0.09908507553738355,-0.10165644514417294,-0.05064495211014324,2015-10-10,282,10,5
10,0,-0.0242758155673215,-0.10379601023651451,-0.04233942900255328,0.8589835173919151,-0.8371561614743609,0.6181940365410359,-0.10165644514417294,-0.05064495210725183,2015-10-11,283,10,6
11,0,1.7208531226841248,0.40657582702219563,-0.04233943010928361,-0.12429438741555966,-0.8400326898127871,1.7074743547991078,-0.09848548655427616,-0.05064495211014323,2015-10-12,284,10,7
12,1,-0.6093191012399615,3.7786363314028906,-0.04224188091464126,7.267167153115519,-0.8301699143940918,-0.4224127184310893,-0.0667116768901281,0.052271851036009634,2015-10-13,285,10,1
13,1,-1.3291030343044667,-0.1456396060262535,-0.04233943010927225,-0.12429473684423506,-0.1183773369243919,-0.8206117692746209,-0.0913170047453903,-0.0506345532701325,2015-10-14,286,10,2
14,1,-1.7359327540363283,-0.14566031464255488,-0.0003459597616449553,-0.12425747553143866,-0.8059387606823756,0.8101130311641773,-0.10165644514417294,-0.05064495211014324,2015-10-15,287,10,3
15,0,-0.2648968611920566,-0.06801115673373904,-0.04233942967323244,0.03920906286368968,-0.819946543494572,-0.5298765187932437,-0.10165644514417294,-0.05035019742916106,2015-10-16,288,10,4
16,0,-0.5043689801800753,-0.14460174484049093,-0.04233943010926998,-0.04676128362688989,-0.8449394712437409,-0.2745473877113924,-0.10164948969798386,-0.05064495211008457,2015-10-17,289,10,5
17,0,1.7208531226841248,-0.14566031447652,-0.04233943010928361,-0.12428570613183393,-0.7899091625606197,0.8473821541215765,-0.10165644442188719,-0.05064495211014054,2015-10-18,290,10,6
18,0,1.0573754276674237,-0.14351887524797305,-0.04233943010928361,-0.12429474445398431,-0.6726192702925009,-0.5842610973614226,-0.10163776988818389,-0.05064495211014324,2015-10-19,291,10,7
19,0,-0.9721319092124077,-0.14538699860789678,-0.04233943010928361,0.4677210838435591,-0.8000457854890891,-0.7724781413218835,-0.07094965566544267,-0.05064495211014324,2015-10-20,292,10,1
20,0,-0.6213320996778009,-0.1450531667878478,-0.04233943010928361,-0.12429477150476537,-0.8449326652033459,-0.6955654082926381,-0.10165644514417294,-0.05064495211008775,2015-10-21,293,10,2
21,0,0.8241944851002927,9.488004364334879,-0.042339430064232436,-0.11295999354751758,-0.8449888713026945,-0.14122659479517186,-0.10130432268860697,-0.05064495211014324,2015-10-22,294,10,3
22,0,0.3584724395254142,-0.14561115508867453,-0.042291177562144545,-0.12428565721626338,-0.8449860369979993,-0.3437224570463955,-0.09909971606392691,-0.05064495202069244,2015-10-23,295,10,4
23,1,-0.27756439512882025,-0.14566031458836307,-0.04233943010928361,-0.1224934964142928,-0.8162428559512102,-0.5041573407417133,0.043274811422988155,-0.05025478932412611,2015-10-24,296,10,5
24,0,-1.6582682941721032,-0.14566031464486706,-0.04233943010928361,-0.12429477150472304,-0.3002037693639972,0.7585462487376864,-0.10165644384014157,-0.05064495211010296,2015-10-25,297,10,6
25,0,0.8735820408764283,-0.145252917857441,0.14277400544550917,-0.12429477150476494,-0.30538414258129476,-0.4980630988805572,-0.10165644514417294,-0.050640485863009246,2015-10-26,298,10,7
26,1,1.40427709796829,-0.12952148653857334,-0.04233943010928361,-0.12417875546765382,-0.7913112434365663,0.8359201949873016,-0.10165644514417294,-0.048403806687732226,2015-10-27,299,10,1
27,1,-0.777581210985403,1.475671339788161,1.0039680418749946,2.600865448157817,-0.6946407042669018,-0.004602190899227754,2.3924809146332255,0.11008162359753429,2015-10-28,300,10,2
28,1,-1.1137023985050973,-0.12930093485369976,-0.04233943010928361,-0.10951975666228976,-0.03437782779194498,1.0079821748011222,-0.07585879837896192,-0.05064495210914405,2015-10-29,301,10,3
29,0,0.6836099083462699,-0.14563514549900955,-0.04233943010928361,-0.12429454902632527,0.12335221330467039,-0.41031553841049107,-0.10165644335519913,-0.05064495210905002,2015-10-30,302,10,4
30,1,1.7208531226841248,-0.14566031464299542,-0.04233943010928361,-0.12428491164715964,-0.8449237452275634,0.9322423267298907,-0.10076177774473283,-0.050526600584297095,2015-10-31,303,10,5
0,1,0.12074422588953837,-0.1437572051914429,-0.011119083260429131,-0.12281065471760753,-0.749658830119839,-0.5160855343515118,-0.10158077599811331,-0.05064495211013998,2015-11-01,304,11,6
1,1,-1.6704506026929806,-0.11959969767634013,-0.04233943010928361,-0.11827691656025938,-0.8449778030208428,0.2535808861906892,-0.10165644072094887,-0.05064491603227899,2015-11-02,305,11,7
2,0,1.5763441665317544,-0.14556853454259608,-0.04233943010926939,-0.12231613301267444,-0.5002770417111033,0.6732119372838028,0.8444913613833922,0.1777112732540104,2015-11-03,306,11,1
3,0,-1.1201118937502628,-0.14565590210898557,-0.04233943010928361,-0.12429020400001566,-0.8277582266045287,-0.18141655886210728,-0.10165644239412808,-0.050600611175158315,2015-11-04,307,11,2
4,0,-0.8748423385882091,-0.1456603146440934,-0.04233943010928361,-0.12429477150456343,-0.6717140328015633,-0.2574168933973078,-0.10165644514417294,-0.05064495211014324,2015-11-05,308,11,3
5,0,-0.40896585101913274,-0.02347200334345101,-0.04032434854609693,-0.1242947694392731,-0.821989612503084,0.39873575323632604,-0.10165644514362113,-0.05064495210317577,2015-11-06,309,11,4
6,0,0.1054050685675918,-0.14566031464496404,-0.04233943010928361,-0.12429477150476537,-0.7678817580160158,1.248303648423847,-0.10165644514417285,-0.05058787750151246,2015-11-07,310,11,5
7,0,0.3193754552030583,-0.11605710357467038,-0.04233943010927536,-0.12077543601138326,-0.8293916918199237,0.17230342833374745,-0.10160068736393556,-0.050644951833642614,2015-11-08,311,11,6
8,1,-0.5371396033223732,-0.145655538347823,-0.04233943010793762,-0.12429475692214154,-0.8449864599065863,0.09139784114906213,-0.10164436992435688,-0.05064495211014324,2015-11-09,312,11,7
9,0,-0.7155399566987626,-0.14560218306861047,-0.04233943010928361,-0.07185854734644448,-0.8291249030176433,0.5821771942303426,-0.10165644514417288,-0.05064494541616274,2015-11-10,313,11,1
10,0,-0.10626426083069873,-0.14566031464452278,-0.04233943010928361,-0.12429477144967392,-0.4742165789267843,-0.06596178614903536,-0.10165644514417294,-0.050644952110108866,2015-11-11,314,11,2
11,0,0.9426826182773169,-0.14566031463556803,-0.04233943006545853,-0.12429477150476537,-0.792918597894496,-0.6604438734472664,-0.10165644514417294,-0.050619995046536685,2015-11-12,315,11,3
12,1,-0.35477970984673846,-0.14553376304367466,-0.04233943010928361,-0.11382370802994815,-0.8404528577927732,0.9814658064772761,-0.10165644510682963,-0.05064495211014324,2015-11-13,316,11,4
13,0,-1.6330531760744833,-0.1220627880498199,-0.04233943010928361,-0.12324669662170194,-0.838552515998842,0.33727672036370304,-0.10165644514417294,-0.05064373595957025,2015-11-14,317,11,5
14,0,-0.040308529981658126,-0.1456603136509686,-0.04233943010928361,-0.12429476960044661,-0.8050972353594907,-0.3001843708999603,-0.10165644371363428,-0.05064495211014324,2015-11-15,318,11,6
15,0,-1.4940118634411874,-0.14566031464496407,-0.019699697610739683,-0.12429477150476537,-0.7897665664448148,-0.27338461424868443,-0.10165644513235342,-0.050625049531798985,2015-11-16,319,11,7
16,0,0.4332368180607915,-0.14566031464496407,-0.04233943010928361,-0.12429477150476537,-0.7633171579085343,1.007474858459621,-0.10165644514417294,-0.05064198460053166,2015-11-17,320,11,1
17,0,-0.8915265265084145,5.411811465746153,-0.04233943010928361,2.4981306512885366,-0.8439464582570655,-0.48782921468516793,-0.10165553991118012,-0.0506449521099627,2015-11-18,321,11,2
18,1,0.5619292443025898,-0.12860625740105922,-0.04233943010928361,0.9196824228194561,-0.8028538214356942,0.7363290771201623,1.0789285980092247,-0.05064495211014319,2015-11-19,322,11,3
19,0,1.7208531226841248,-0.13506566095478875,-0.04233943010928361,-0.1242947714731483,-0.8426006748170698,0.24273151274668336,-0.10165644514417294,-0.049937284766144854,2015-11-20,323,11,4
20,0,1.2317688735585506,-0.14565757134002189,-0.042339430108974854,-0.11621633416183824,0.25965008540830914,-0.15252224552360394,-0.1006782221885676,-0.05064495211014324,2015-11-21,324,11,5
21,0,0.48335950647947357,-0.045048692218555494,-0.029555719120808926,-0.11257657106604187,-0.8409807803771112,-0.6983654327092292,-0.10165634806591323,-0.009048223409511467,2015-11-22,325,11,6
22,0,-0.35198903247642477,-0.1456603146445094,-0.042339430091218835,-0.12429477150476528,-0.8410826358663878,0.8424053701577119,-0.10165644514417294,-0.05064495211014324,2015-11-23,326,11,7
23,0,-1.2918652222769254,2.6984223843133064,9.346741802396895,0.7195641298159944,-0.8277909511071354,0.44350599064120555,-0.10165644489186662,0.20816003983314152,2015-11-24,327,11,1
24,1,-1.367425343212986,-0.14566031447469166,-0.04233943010928361,-0.12429476540256985,-0.6872267671700836,-1.4335387994203073,-0.053727437415805164,-0.05064495211014324,2015-11-25,328,11,2
25,1,-1.52447763198316,0.7378933914675215,-0.04233943010928361,-0.12428053737445463,-0.7037908709258003,0.5380159280180701,-0.05928811975484727,-0.05064495211014324,2015-11-26,329,11,3
26,0,0.05050533837112425,-0.06876312924202839,-0.009330128102605854,-0.12428626758178422,-0.8449913230018681,-0.13306675666701118,-0.10165644511706921,-0.049642654972918726,2015-11-27,330,11,4
27,0,0.2539064765692274,-0.14566031439106034,-0.04233943010928361,-0.12423996159055223,-0.8449873275088586,-0.6673918334632476,-0.10165643808014578,-0.027511821210130682,2015-11-28,331,11,5
28,0,-1.5416368283967046,-0.10491858258411416,-0.04233943010927299,-0.1242947711931182,-0.8449913268790628,0.6350486503653707,-0.10165644514417294,-0.05064495211014324,2015-11-29,332,11,6
29,0,-1.0392681368511774,-0.14566031464496407,-0.04233917029427264,-0.12429477150476537,-0.8441530676407574,0.998098041281037,-0.10165644514417294,-0.05064495210979176,2015-11-30,333,11,7
0,0,-0.1387267338348579,-0.14564546661832548,-0.040896266124639036,-0.12419475681497165,0.8452044641503097,1.2653575086257085,0.9948479780641087,-0.0506442926006081,2015-12-01,334,12,1
1,0,0.78493455457388,0.2492961517588485,17.323784335669306,0.7365154258615819,-0.4160433213701064,0.24553783086798475,-0.10165643758547745,-0.03577987391873636,2015-12-02,335,12,2
2,0,-1.7359327540363283,0.05844353977459621,-0.03920443151954332,0.4686376298172173,-0.8245910074791416,1.1618595162687466,-0.10165644514405629,-0.0463907772661844,2015-12-03,336,12,3
3,0,-1.6536536958712702,-0.1452475413843764,-0.042339430054727664,-0.11591688814462599,-0.8388742596268028,0.21570709118808207,-0.10089395842577463,-0.05052991092609181,2015-12-04,337,12,4
4,0,-1.0573160899334226,-0.1451887785431094,-0.04233943010928361,-0.12429468265315767,-0.7388279247642106,-0.9679895571334112,-0.01533838724100868,-0.05064458054789414,2015-12-05,338,12,5
5,0,0.16391006149649456,-0.14566031460105222,-0.04233943010928361,-0.11313567724219634,-0.5166198134299893,0.760153629167232,-0.10165644514417294,-0.050368994689960686,2015-12-06,339,12,6
6,0,-0.6989496953379017,1.072506319216167,-0.04228479464888552,-0.12410108539338546,-0.8430309959839621,1.1197094850020433,-0.10165643914266544,-0.04088900145873124,2015-12-07,340,12,7
7,1,1.6208616569440295,1.2525361626388998,-0.04233943010928361,0.3007032862464741,-0.7278355278807578,0.5001351228435196,-0.10165644514214421,-0.05064494727421694,2015-12-08,341,12,1
8,1,-0.22191953216199067,0.05362704011574493,-0.04233943010928354,-0.12429473361662229,-0.8296557980314205,-0.7390542158083613,7.1099097007897845,-0.050392501192412356,2015-12-09,342,12,2
9,0,-0.21439096456326467,-0.09316763139655315,-0.04233942720759997,-0.12412613776023959,-0.844201736114261,1.3399134187681065,-0.10165644514417294,0.0032832225898976122,2015-12-10,343,12,3
10,0,-0.1919841842434522,1.3493392518849734,-0.04233943010928361,-0.12254031000944907,-0.5863449282295929,-0.1602770722436233,-0.09359249175843862,2.6211073136575607,2015-12-11,344,12,4
11,0,-1.7359327540363283,-0.13720116253235337,0.06039940797450733,-0.12429477143423961,-0.5890217346895273,2.137467859593624,-0.1004556836463095,0.00659864286979938,2015-12-12,345,12,5
12,0,-1.3206376730083775,-0.1257467679566506,-0.04233943010928357,-0.12429467548128827,-0.8146309824584088,0.31242872317253756,-0.10165644509912722,-0.05064182603712029,2015-12-13,346,12,6
13,0,-1.217085077479041,0.7657253721301717,0.27378172553640384,-0.12429477079365875,-0.8411552284822282,0.3729460558116928,-0.10165644514417294,-0.03695654824673547,2015-12-14,347,12,7
14,0,-1.2718890165856322,0.09867811832128134,-0.04210370737703976,-0.112790660964178,-0.839296177665574,1.4545894436542612,-0.10165644514417294,-0.05064495211014324,2015-12-15,348,12,1
15,0,1.052054929274263,1.2356486660272843,-0.04233943010928361,-0.11428270484954191,-0.7867246218982045,-0.6583181707694608,0.8348585996406402,-0.05064495211014324,2015-12-16,349,12,2
16,0,0.5452735562054727,-0.14566031464493853,-0.04233943010928361,-0.12423959590923588,-0.8055771840616247,0.5784688843189709,-0.10165265247553044,-0.05064495174345576,2015-12-17,350,12,3
17,1,0.7131457366331944,-0.14448448248046014,-0.04233943010928361,-0.12129847742553632,-0.6177118537803874,-1.1894805556061323,-0.10165362223546391,-0.03890029277318642,2015-12-18,351,12,4
18,0,-0.5560146546528415,0.2335477773259229,-0.042339430009491856,-0.12429477150452357,-0.840983607545904,0.6819074861991741,-0.10165644514417294,-0.05064495211014318,2015-12-19,352,12,5
19,0,0.9833125813201491,-0.14566024416904086,-0.04233943010928361,-0.12429477150106193,-0.8395476160545193,-0.14412497640111166,-0.08309812604915426,-0.05064495211014324,2015-12-20,353,12,6
20,0,-0.0008855068574149527,0.036134502072396046,-0.04233943010928361,1.2645942230089222,-0.6250665603990164,-0.47730787369811933,-0.08153096953782135,-0.05064495211014324,2015-12-21,354,12,7
21,0,0.2829893970981203,1.142073798305539,-0.04233943010928361,-0.12429474187208825,-0.8445276604077934,0.1158922469083814,-0.09853874268982649,-0.05064495211014324,2015-12-22,355,12,1
22,0,0.39516071322199764,-0.143793108552978,-0.04233943010928361,-0.12316895086298715,-0.8449903617863986,1.1174000009949294,-0.1016564451441547,-0.05064381792825025,2015-12-23,356,12,2
23,0,-0.6880240087607206,-0.12365422347771653,11.105018576811869,-0.12367853178706903,-0.5300059650246267,1.466443312352033,-0.006141386758093212,0.1958684346230939,2015-12-24,357,12,3
24,0,1.7208531226841248,-0.14556920052389605,-0.042339430108924395,-0.12429477150298102,-0.8343486915931784,-0.9492185085309242,-0.10044942201369764,-0.05064495010071646,2015-12-25,358,12,4
25,0,1.7208531226841248,-0.1456603146449638,-0.04233943010928361,-0.12429477149069923,0.014470377794546185,1.255607870525739,-0.10165644514417294,-0.05049040532637831,2015-12-26,359,12,5
26,0,1.7208531226841248,-0.14566031464495985,-0.04233943010928361,-0.12429477150476537,-0.8449913233668593,1.4292628715477074,-0.10165641650108287,-0.05064495211014324,2015-12-27,360,12,6
27,0,-0.3295441542120301,-0.1456603146449603,-0.04233943010928361,-0.12429477150476535,-0.5450225653604894,2.0300742370501474,-0.0766389371228646,-0.05064495211014324,2015-12-28,361,12,7
28,1,-0.7239745544866167,-0.131189820408323,-0.04233943010928361,-0.12429175288086707,-0.8274491529602156,-1.0431082203954212,0.3860081856508941,-0.05063008028303992,2015-12-29,362,12,1
29,0,1.2506247674734539,-0.05235884766457741,-0.04233943010927915,-0.12429405563913583,-0.836222243986671,0.0724830996152046,-0.0057022984124941445,0.006823935935114295,2015-12-30,363,12,2
30,0,-1.0874024674787535,-0.14566031464489165,0.8770092889789765,-0.11995940312332012,-0.8444261373006167,1.1769638274316874,-0.10165557311521752,-0.05064495211014324,2015-12-31,364,12,3
